series,team_display,department_display,driver,effect_mean,effect80_lower,effect80_upper,current_value,range_low,range_high,unit,direction,confidence,strength,strength_rank
10__0,Team 10,Finishing,SMV,-0.17581260100504237,-0.23945982695064194,-0.11485301122113199,1.8999999999999997,1.8999999999999997,29.099999999999998,,Reduces,Clear,Strong,1
10__0,Team 10,Finishing,Workers,0.17573324894241726,0.13480282722876136,0.218817273416759,7.000000000000002,7.000000000000002,58.000000000000014,workers,Supports,Clear,Strong,2
10__0,Team 10,Finishing,WIP,0.1700528111872853,0.0050461439354507346,0.3382829552803679,0.0,0.0,1502.8000000000002,pieces,Supports,Clear,Moderate,3
10__0,Team 10,Finishing,Incentive,0.1425880525054214,0.06318945459080412,0.21352740446109328,0.0,0.0,87.99999999999999,BDT,Supports,Clear,Moderate,4
10__0,Team 10,Finishing,Style Changes,0.026909859221524227,0.008189079190600058,0.04608885689376783,0.0,0.0,2.0,,Supports,Clear,Smaller,5
10__0,Team 10,Finishing,Overtime,-0.014651102051898946,-0.023262180579691594,-0.006555801997573638,960.0,960.0,10368.0,min,Reduces,Clear,Smaller,6
10__1,Team 10,Sewing,Incentive,0.36984593730590576,0.3232875567216116,0.4182618571557274,33.99999999999998,0.0,87.99999999999999,BDT,Supports,Clear,Strong,1
10__1,Team 10,Sewing,WIP,0.24483352920302556,0.1448907622178763,0.34678803272756276,1674.0,0.0,1674.0,pieces,Supports,Clear,Strong,2
10__1,Team 10,Sewing,SMV,-0.13733343309170734,-0.17824203608034667,-0.0969904353664904,20.819999999999997,1.8999999999999997,29.099999999999998,,Reduces,Clear,Moderate,3
10__1,Team 10,Sewing,Workers,0.12583538833100016,-0.0018949532260580158,0.26086747816301514,48.99999999999999,7.000000000000002,58.000000000000014,workers,Supports,Uncertain,Moderate,4
10__1,Team 10,Sewing,Style Changes,0.027883563270573692,0.008424409869825246,0.047151196512897654,0.0,0.0,2.0,,Supports,Clear,Smaller,5
10__1,Team 10,Sewing,Overtime,-0.014731728659664257,-0.022997098890182997,-0.006918460557150839,6000.000000000005,960.0,10368.0,min,Reduces,Clear,Smaller,6
11__0,Team 11,Finishing,SMV,-0.15639448618427826,-0.21704687036207254,-0.0964903719330889,1.8999999999999997,1.8999999999999997,29.099999999999998,,Reduces,Clear,Strong,1
11__0,Team 11,Finishing,Workers,0.15278715432601597,0.11759863523356959,0.18906098513077363,9.000000000000002,7.000000000000002,58.000000000000014,workers,Supports,Clear,Strong,2
11__0,Team 11,Finishing,WIP,0.15221685026796583,0.013174881778851176,0.29664752329536576,0.0,0.0,1502.8000000000002,pieces,Supports,Clear,Moderate,3
11__0,Team 11,Finishing,Incentive,0.08082890666641634,0.008510927601793028,0.14238431132523816,0.0,0.0,87.99999999999999,BDT,Supports,Clear,Moderate,4
11__0,Team 11,Finishing,Style Changes,0.022150223501606725,0.00679718341893829,0.03746022960923128,0.0,0.0,2.0,,Supports,Clear,Smaller,5
11__0,Team 11,Finishing,Overtime,-0.012124582985892059,-0.01930694723681965,-0.00555118920853189,2399.999999999999,960.0,10368.0,min,Reduces,Clear,Smaller,6
11__1,Team 11,Sewing,Incentive,0.24126230595974263,0.20200904833855599,0.2808019678034793,50.0,0.0,87.99999999999999,BDT,Supports,Clear,Strong,1
11__1,Team 11,Sewing,WIP,0.23493201815029005,0.14559187617054062,0.3270444656914696,559.9999999999998,0.0,1502.8000000000002,pieces,Supports,Clear,Strong,2
11__1,Team 11,Sewing,Workers,0.13425778901759872,0.0318699740387435,0.24665739389754107,56.999999999999986,7.000000000000002,58.000000000000014,workers,Supports,Clear,Moderate,3
11__1,Team 11,Sewing,SMV,-0.1260457996754693,-0.16463738991350613,-0.08759373689429896,10.410000000000002,1.8999999999999997,29.099999999999998,,Reduces,Clear,Moderate,4
11__1,Team 11,Sewing,Style Changes,0.02296329301526208,0.006920347873631516,0.03904763985967311,0.0,0.0,2.0,,Supports,Clear,Smaller,5
11__1,Team 11,Sewing,Overtime,-0.012333921667051918,-0.01944911986864928,-0.0056689450133937305,3420.0000000000027,960.0,10368.0,min,Reduces,Clear,Smaller,6
12__0,Team 12,Finishing,SMV,-0.14216463460007053,-0.19631947601961666,-0.08930870929732534,3.599999999999999,1.8999999999999997,29.099999999999998,,Reduces,Clear,Strong,1
12__0,Team 12,Finishing,Workers,0.14049673871412172,0.10791249988545874,0.17199601083674376,8.000000000000005,7.000000000000002,58.000000000000014,workers,Supports,Clear,Strong,2
12__0,Team 12,Finishing,WIP,0.13321342169605677,-0.011123037552989844,0.28082819204907183,0.0,0.0,1502.8000000000002,pieces,Supports,Uncertain,Moderate,3
12__0,Team 12,Finishing,Incentive,0.08339946884536549,0.012767003366375809,0.14281473650912166,0.0,0.0,87.99999999999999,BDT,Supports,Clear,Moderate,4
12__0,Team 12,Finishing,Style Changes,0.02144733077920806,0.006595274183088406,0.03632739880260979,0.0,0.0,2.0,,Supports,Clear,Smaller,5
12__0,Team 12,Finishing,Overtime,-0.011751416991119014,-0.018573978767961463,-0.00533264667867863,2159.9999999999973,960.0,10368.0,min,Reduces,Clear,Smaller,6
12__1,Team 12,Sewing,Incentive,0.2629926433035579,0.2139721164004838,0.31001259787808516,63.000000000000036,0.0,87.99999999999999,BDT,Supports,Clear,Strong,1
12__1,Team 12,Sewing,WIP,0.2358037356086993,0.1269608251048047,0.346151869925405,470.0,0.0,1502.8000000000002,pieces,Supports,Clear,Strong,2
12__1,Team 12,Sewing,Workers,0.11122295093548336,0.030989674078988207,0.19775366534892586,33.00000000000001,7.000000000000002,58.000000000000014,workers,Supports,Clear,Moderate,3
12__1,Team 12,Sewing,SMV,-0.10248622283516061,-0.13281590332902676,-0.07085710222239797,14.26,1.8999999999999997,29.099999999999998,,Reduces,Clear,Moderate,4
12__1,Team 12,Sewing,Style Changes,0.01967567305840813,0.006049919800996884,0.03361163842816088,0.0,0.0,2.0,,Supports,Clear,Smaller,5
12__1,Team 12,Sewing,Overtime,-0.010649545671258774,-0.01662813380787098,-0.004861728330777262,4080.0000000000036,960.0,10368.0,min,Reduces,Clear,Smaller,6
1__0,Team 1,Finishing,SMV,-0.15981604229250077,-0.21835437441845154,-0.10273184838926801,2.9399999999999995,1.8999999999999997,29.099999999999998,,Reduces,Clear,Strong,1
1__0,Team 1,Finishing,WIP,0.15916772297629686,0.0012572865546516144,0.31725318198106195,0.0,0.0,1502.8000000000002,pieces,Supports,Clear,Strong,2
1__0,Team 1,Finishing,Workers,0.15477338570878288,0.12040229565519193,0.18896965673040575,7.000000000000002,7.000000000000002,58.000000000000014,workers,Supports,Clear,Moderate,3
1__0,Team 1,Finishing,Incentive,0.10435233236570816,0.028622673577642282,0.17303608655591882,0.0,0.0,87.99999999999999,BDT,Supports,Clear,Moderate,4
1__0,Team 1,Finishing,Style Changes,0.024280220095925554,0.007457626473540613,0.040883538682185534,0.0,0.0,2.0,,Supports,Clear,Smaller,5
1__0,Team 1,Finishing,Overtime,-0.01321421095297177,-0.02069324133864455,-0.006010227318293852,1920.0000000000007,960.0,10368.0,min,Reduces,Clear,Smaller,6
1__1,Team 1,Sewing,Incentive,0.3046089762284707,0.2537608075272075,0.35384621679925754,45.0,0.0,87.99999999999999,BDT,Supports,Clear,Strong,1
1__1,Team 1,Sewing,WIP,0.22948124450299331,0.12362139091204195,0.33536746303998866,1322.0000000000005,0.0,1502.8000000000002,pieces,Supports,Clear,Strong,2
1__1,Team 1,Sewing,Workers,0.12435020903743894,0.0062361411815605085,0.2539712012619505,58.000000000000014,7.000000000000002,58.000000000000014,workers,Supports,Clear,Moderate,3
1__1,Team 1,Sewing,SMV,-0.11523816971933001,-0.1462981422222356,-0.08209722257065921,25.819999999999997,1.8999999999999997,29.099999999999998,,Reduces,Clear,Moderate,4
1__1,Team 1,Sewing,Style Changes,0.02477316121029246,0.007539093351293492,0.04177503925433639,0.0,0.0,2.0,,Supports,Clear,Smaller,5
1__1,Team 1,Sewing,Overtime,-0.013126533206496193,-0.020569425866301873,-0.00609523597969834,7079.999999999998,960.0,10368.0,min,Reduces,Clear,Smaller,6
2__0,Team 2,Finishing,WIP,0.21907394339561317,0.06974060155828785,0.37024120996949933,0.0,0.0,1502.8000000000002,pieces,Supports,Clear,Strong,1
2__0,Team 2,Finishing,Workers,0.17167655467689444,0.1321041252788561,0.2106090515244643,7.000000000000002,7.000000000000002,58.000000000000014,workers,Supports,Clear,Strong,2
2__0,Team 2,Finishing,SMV,-0.16920416898551102,-0.22872171219230386,-0.10883716608041687,2.8999999999999995,1.8999999999999997,29.099999999999998,,Reduces,Clear,Moderate,3
2__0,Team 2,Finishing,Incentive,0.13658717678409535,0.06518105889630184,0.1995008599777173,0.0,0.0,87.99999999999999,BDT,Supports,Clear,Moderate,4
2__0,Team 2,Finishing,Style Changes,0.02639039992563684,0.007922424631430313,0.04566616999665302,0.0,0.0,2.0,,Supports,Clear,Smaller,5
2__0,Team 2,Finishing,Overtime,-0.014279888934883692,-0.022536131418430895,-0.006393279784467198,1920.0000000000007,960.0,10368.0,min,Reduces,Clear,Smaller,6
2__1,Team 2,Sewing,WIP,0.28102216074756986,0.17894466167612033,0.38499160114124276,971.0,0.0,1502.8000000000002,pieces,Supports,Clear,Strong,1
2__1,Team 2,Sewing,Incentive,0.2700133670778888,0.23211291486228625,0.3090269296580587,45.0,0.0,87.99999999999999,BDT,Supports,Clear,Strong,2
2__1,Team 2,Sewing,Workers,0.10452388418821522,0.012069419556679475,0.20724991160380904,44.000000000000014,7.000000000000002,58.000000000000014,workers,Supports,Clear,Moderate,3
2__1,Team 2,Sewing,SMV,-0.09755658416783952,-0.1272191240248882,-0.0688612232772495,15.09999999999999,1.8999999999999997,29.099999999999998,,Reduces,Clear,Moderate,4
2__1,Team 2,Sewing,Style Changes,0.01994833275744196,0.00616168767589892,0.03415906207399407,1.0,0.0,2.0,,Supports,Clear,Smaller,5
2__1,Team 2,Sewing,Overtime,-0.010242943303882548,-0.016009573552819224,-0.00472057833237298,5400.000000000005,960.0,10368.0,min,Reduces,Clear,Smaller,6
3__0,Team 3,Finishing,WIP,0.17030033747525558,0.013590486968357707,0.3249433330465627,0.0,0.0,1502.8000000000002,pieces,Supports,Clear,Strong,1
3__0,Team 3,Finishing,SMV,-0.15446679209421843,-0.2132159209952883,-0.09642793208427482,3.599999999999999,1.8999999999999997,29.099999999999998,,Reduces,Clear,Strong,2
3__0,Team 3,Finishing,Workers,0.1516867670248918,0.11383863162490196,0.18935084904794977,7.000000000000002,7.000000000000002,58.000000000000014,workers,Supports,Clear,Moderate,3
3__0,Team 3,Finishing,Incentive,0.10035114661926829,0.024406410204275267,0.16289898993954455,0.0,0.0,87.99999999999999,BDT,Supports,Clear,Moderate,4
3__0,Team 3,Finishing,Style Changes,0.02383531592066918,0.007122588987617751,0.04091079146939039,0.0,0.0,2.0,,Supports,Clear,Smaller,5
3__0,Team 3,Finishing,Overtime,-0.013010287191885427,-0.020837661074486747,-0.0059186649169167905,1920.0000000000007,960.0,10368.0,min,Reduces,Clear,Smaller,6
3__1,Team 3,Sewing,Incentive,0.26994898975946957,0.23084728091826034,0.308670041313745,63.000000000000036,0.0,87.99999999999999,BDT,Supports,Clear,Strong,1
3__1,Team 3,Sewing,WIP,0.21637729011826928,0.12387153923519524,0.31593596879887137,735.0000000000003,0.0,1502.8000000000002,pieces,Supports,Clear,Strong,2
3__1,Team 3,Sewing,Workers,0.1098863328745659,0.018101016771607595,0.21324393780055606,56.999999999999986,7.000000000000002,58.000000000000014,workers,Supports,Clear,Moderate,3
3__1,Team 3,Sewing,SMV,-0.07867472451020717,-0.09972674811058221,-0.05623030049816233,29.099999999999998,1.8999999999999997,29.099999999999998,,Reduces,Clear,Moderate,4
3__1,Team 3,Sewing,Style Changes,0.018940687225803218,0.005719673190748997,0.03254462798085626,1.0,0.0,2.0,,Supports,Clear,Smaller,5
3__1,Team 3,Sewing,Overtime,-0.009630906065945763,-0.015075477275408599,-0.004340053689444343,6960.000000000005,960.0,10368.0,min,Reduces,Clear,Smaller,6
4__0,Team 4,Finishing,WIP,0.16066428182101664,-0.0007438043424149574,0.31898197894164054,0.0,0.0,1502.8000000000002,pieces,Supports,Uncertain,Strong,1
4__0,Team 4,Finishing,SMV,-0.15549650301795945,-0.21284661145215797,-0.10109033496363054,2.9399999999999995,1.8999999999999997,29.099999999999998,,Reduces,Clear,Strong,2
4__0,Team 4,Finishing,Workers,0.14828706480561615,0.1144306484927636,0.1848514220228016,7.000000000000002,7.000000000000002,58.000000000000014,workers,Supports,Clear,Moderate,3
4__0,Team 4,Finishing,Incentive,0.08550170328762997,0.008601938494509855,0.15164005088417531,0.0,0.0,87.99999999999999,BDT,Supports,Clear,Moderate,4
4__0,Team 4,Finishing,Style Changes,0.023445424371675568,0.0071203596627617,0.0400925259363708,0.0,0.0,2.0,,Supports,Clear,Smaller,5
4__0,Team 4,Finishing,Overtime,-0.012797286929466552,-0.020336157311523485,-0.005776651466785383,1920.0000000000007,960.0,10368.0,min,Reduces,Clear,Smaller,6
4__1,Team 4,Sewing,Incentive,0.2770303832159635,0.24158362132211317,0.31206693176791084,45.0,0.0,87.99999999999999,BDT,Supports,Clear,Strong,1
4__1,Team 4,Sewing,WIP,0.23774478399680704,0.13872121768610202,0.33415585418581356,1054.0000000000002,0.0,1502.8000000000002,pieces,Supports,Clear,Strong,2
4__1,Team 4,Sewing,Workers,0.1319495466842523,0.013000381212666801,0.25961522554763217,58.000000000000014,7.000000000000002,58.000000000000014,workers,Supports,Clear,Moderate,3
4__1,Team 4,Sewing,SMV,-0.12059415987636653,-0.15205146091943209,-0.08706144054476755,25.819999999999997,1.8999999999999997,29.099999999999998,,Reduces,Clear,Moderate,4
4__1,Team 4,Sewing,Style Changes,0.025898315761170028,0.007798727281040208,0.043882498677894254,0.0,0.0,2.0,,Supports,Clear,Smaller,5
4__1,Team 4,Sewing,Overtime,-0.013627763243956453,-0.02117098173449703,-0.0062995281402391835,7079.999999999998,960.0,10368.0,min,Reduces,Clear,Smaller,6
5__0,Team 5,Finishing,Workers,0.153547025240244,0.11881229419016184,0.19039413609872136,11.0,7.000000000000002,58.000000000000014,workers,Supports,Clear,Strong,1
5__0,Team 5,Finishing,SMV,-0.141919294146446,-0.1954900590113868,-0.08668607884545249,2.9399999999999995,1.8999999999999997,29.099999999999998,,Reduces,Clear,Strong,2
5__0,Team 5,Finishing,WIP,0.11507980061173569,-0.02004173793831143,0.2505596325473026,0.0,0.0,1502.8000000000002,pieces,Supports,Uncertain,Moderate,3
5__0,Team 5,Finishing,Incentive,0.07223038546970394,0.0025097826413232327,0.1310237780053676,0.0,0.0,87.99999999999999,BDT,Supports,Clear,Moderate,4
5__0,Team 5,Finishing,Style Changes,0.020680378047782937,0.006052106336553309,0.035398976843435265,0.0,0.0,2.0,,Supports,Clear,Smaller,5
5__0,Team 5,Finishing,Overtime,-0.011436170944243474,-0.018510349903634295,-0.005054602826069629,1439.9999999999995,960.0,10368.0,min,Reduces,Clear,Smaller,6
5__1,Team 5,Sewing,Incentive,0.2830643766134397,0.25014136013718663,0.3165751777598707,30.0,0.0,87.99999999999999,BDT,Supports,Clear,Strong,1
5__1,Team 5,Sewing,WIP,0.2122111531014229,0.1237762342550181,0.29965159707643846,992.0000000000002,0.0,1502.8000000000002,pieces,Supports,Clear,Strong,2
5__1,Team 5,Sewing,SMV,-0.14640897551276633,-0.18823126862949457,-0.10389899175398792,25.819999999999997,1.8999999999999997,29.099999999999998,,Reduces,Clear,Moderate,3
5__1,Team 5,Sewing,Workers,0.14352513741915018,0.016854174793177346,0.27433661995591,56.999999999999986,7.000000000000002,58.000000000000014,workers,Supports,Clear,Moderate,4
5__1,Team 5,Sewing,Style Changes,0.031131829773333213,0.009119259705017535,0.05265772396283985,1.0,0.0,2.0,,Supports,Clear,Smaller,5
5__1,Team 5,Sewing,Overtime,-0.015902449155352993,-0.024825120352197205,-0.0072253519003726095,6960.000000000005,960.0,10368.0,min,Reduces,Clear,Smaller,6
6__0,Team 6,Finishing,WIP,0.306260286289168,0.14266660982117635,0.46552464695934287,0.0,0.0,1502.8000000000002,pieces,Supports,Clear,Strong,1
6__0,Team 6,Finishing,Workers,0.25323699714105913,0.19333415144992774,0.3107459758163907,5.0,5.0,58.000000000000014,workers,Supports,Clear,Strong,2
6__0,Team 6,Finishing,SMV,-0.1891637785401948,-0.25076757407940037,-0.12693731455460666,1.8999999999999997,1.8999999999999997,29.099999999999998,,Reduces,Clear,Moderate,3
6__0,Team 6,Finishing,Incentive,0.169789412446883,0.06259316542620712,0.2628438509134865,0.0,0.0,87.99999999999999,BDT,Supports,Clear,Moderate,4
6__0,Team 6,Finishing,Style Changes,0.032450111905531036,0.009534651063691325,0.05516216679052981,0.0,0.0,2.0,,Supports,Clear,Smaller,5
6__0,Team 6,Finishing,Overtime,-0.019323990561082874,-0.030426204973300064,-0.00884858890473103,720.0000000000002,720.0000000000002,10368.0,min,Reduces,Clear,Smaller,6
6__1,Team 6,Sewing,WIP,0.3868098638416839,0.2804869103466524,0.4840478583226255,1127.9999999999998,0.0,1502.8000000000002,pieces,Supports,Clear,Strong,1
6__1,Team 6,Sewing,Incentive,0.3360719185457278,0.29862598228768417,0.3732076428661957,40.00000000000001,0.0,87.99999999999999,BDT,Supports,Clear,Strong,2
6__1,Team 6,Sewing,SMV,-0.13052214985425045,-0.1686125873926958,-0.09252221546782086,22.41,1.8999999999999997,29.099999999999998,,Reduces,Clear,Moderate,3
6__1,Team 6,Sewing,Workers,0.1265767481165001,0.012318739197743024,0.2473198852158039,36.99999999999999,7.000000000000002,58.000000000000014,workers,Supports,Clear,Moderate,4
6__1,Team 6,Sewing,Style Changes,0.02785477634734691,0.008444498378047739,0.047412844937033044,1.0,0.0,2.0,,Supports,Clear,Smaller,5
6__1,Team 6,Sewing,Overtime,-0.014316123998488178,-0.022313203823897444,-0.006655601470538596,4559.999999999998,960.0,10368.0,min,Reduces,Clear,Smaller,6
7__0,Team 7,Finishing,WIP,0.22384798918089455,0.056570955498627715,0.3836932002529324,0.0,0.0,1502.8000000000002,pieces,Supports,Clear,Strong,1
7__0,Team 7,Finishing,Workers,0.21350518630706272,0.1648875273573829,0.26082956823459685,7.000000000000002,7.000000000000002,58.000000000000014,workers,Supports,Clear,Strong,2
7__0,Team 7,Finishing,SMV,-0.18489722928525662,-0.24701501055003186,-0.12247435712555824,2.8999999999999995,1.8999999999999997,29.099999999999998,,Reduces,Clear,Moderate,3
7__0,Team 7,Finishing,Incentive,0.16325873908619626,0.06995063241847699,0.2503298268721609,0.0,0.0,87.99999999999999,BDT,Supports,Clear,Moderate,4
7__0,Team 7,Finishing,Style Changes,0.03090657528250917,0.009200455870686608,0.05296508212312619,0.0,0.0,2.0,,Supports,Clear,Smaller,5
7__0,Team 7,Finishing,Overtime,-0.016547474183280012,-0.02615022886334504,-0.007504932367209379,960.0,960.0,10368.0,min,Reduces,Clear,Smaller,6
7__1,Team 7,Sewing,Incentive,0.3647978392429735,0.3322572001523999,0.39578130724704197,26.0,0.0,87.99999999999999,BDT,Supports,Clear,Strong,1
7__1,Team 7,Sewing,WIP,0.2713282462153126,0.18174880865062132,0.3634906284647272,935.0000000000005,0.0,1502.8000000000002,pieces,Supports,Clear,Strong,2
7__1,Team 7,Sewing,SMV,-0.151867698124151,-0.19411257372295715,-0.10859115339591283,29.48,1.8999999999999997,29.48,,Reduces,Clear,Moderate,3
7__1,Team 7,Sewing,Workers,0.1465938348722209,0.01967552205352796,0.27546602173934154,56.00000000000001,7.000000000000002,58.000000000000014,workers,Supports,Clear,Moderate,4
7__1,Team 7,Sewing,Style Changes,0.032284525433022376,0.009341831334891082,0.05510828289004848,1.0,0.0,2.0,,Supports,Clear,Smaller,5
7__1,Team 7,Sewing,Overtime,-0.016505174645021867,-0.02586791188687827,-0.007605932836546313,6840.000000000002,960.0,10368.0,min,Reduces,Clear,Smaller,6
8__0,Team 8,Finishing,Workers,0.18844757424564637,0.14740558328452477,0.23039691339736865,7.000000000000002,7.000000000000002,58.000000000000014,workers,Supports,Clear,Strong,1
8__0,Team 8,Finishing,WIP,0.18820357893517708,0.029501557835475468,0.34978714241249237,0.0,0.0,1502.8000000000002,pieces,Supports,Clear,Strong,2
8__0,Team 8,Finishing,SMV,-0.17697099257801882,-0.23915090280460552,-0.11549865163309402,2.8999999999999995,1.8999999999999997,29.099999999999998,,Reduces,Clear,Moderate,3
8__0,Team 8,Finishing,Incentive,0.14205188039790562,0.0531042495882405,0.21643339763998187,0.0,0.0,87.99999999999999,BDT,Supports,Clear,Moderate,4
8__0,Team 8,Finishing,Style Changes,0.02840372882215507,0.008511028677112287,0.04823314165598291,0.0,0.0,2.0,,Supports,Clear,Smaller,5
8__0,Team 8,Finishing,Overtime,-0.015379457526299524,-0.02420355500164295,-0.006972766274945625,960.0,960.0,10368.0,min,Reduces,Clear,Smaller,6
8__1,Team 8,Sewing,Incentive,0.34841890801469316,0.31520800135903426,0.38410321249003804,30.0,0.0,87.99999999999999,BDT,Supports,Clear,Strong,1
8__1,Team 8,Sewing,WIP,0.24402227305930382,0.16003691912294937,0.3286475883540955,913.9999999999997,0.0,1502.8000000000002,pieces,Supports,Clear,Strong,2
8__1,Team 8,Sewing,Workers,0.1451874657208091,0.020123915886841016,0.27425295730492644,56.00000000000001,7.000000000000002,58.000000000000014,workers,Supports,Clear,Moderate,3
8__1,Team 8,Sewing,SMV,-0.14362093407474466,-0.18366668851448198,-0.10204585727623026,29.48,1.8999999999999997,29.48,,Reduces,Clear,Moderate,4
8__1,Team 8,Sewing,Style Changes,0.031124791497754004,0.009261512156506724,0.05325236567268559,1.0,0.0,2.0,,Supports,Clear,Smaller,5
8__1,Team 8,Sewing,Overtime,-0.015861188292119622,-0.024892991485118733,-0.007238012791430145,6840.000000000002,960.0,10368.0,min,Reduces,Clear,Smaller,6
9__0,Team 9,Finishing,Workers,0.16246506474298877,0.12812867844013004,0.19668401729815485,14.0,7.000000000000002,58.000000000000014,workers,Supports,Clear,Strong,1
9__0,Team 9,Finishing,SMV,-0.14534949809790063,-0.20242816385723397,-0.0918616908340131,1.8999999999999997,1.8999999999999997,29.099999999999998,,Reduces,Clear,Strong,2
9__0,Team 9,Finishing,WIP,0.13473337452073678,0.028259437649617625,0.2490229529621384,0.0,0.0,1502.8000000000002,pieces,Supports,Clear,Moderate,3
9__0,Team 9,Finishing,Incentive,0.08029513609719395,0.02001634842750908,0.13171510223647673,0.0,0.0,87.99999999999999,BDT,Supports,Clear,Moderate,4
9__0,Team 9,Finishing,Style Changes,0.019996341496412638,0.005914924089945828,0.0338612386826335,0.0,0.0,2.0,,Supports,Clear,Smaller,5
9__0,Team 9,Finishing,Overtime,-0.010995882183023184,-0.01757954423042054,-0.004942960796556638,1800.0,960.0,10368.0,min,Reduces,Clear,Smaller,6
9__1,Team 9,Sewing,Incentive,0.2788678221864558,0.24091567000746383,0.3159067549647767,45.0,0.0,87.99999999999999,BDT,Supports,Clear,Strong,1
9__1,Team 9,Sewing,WIP,0.2760107159859994,0.17893473000972426,0.3760624776322887,290.0000000000001,0.0,1502.8000000000002,pieces,Supports,Clear,Strong,2
9__1,Team 9,Sewing,Workers,0.16369121584378551,0.060360603478814105,0.2745575697972133,51.00000000000003,7.000000000000002,58.000000000000014,workers,Supports,Clear,Moderate,3
9__1,Team 9,Sewing,SMV,-0.13913354900931538,-0.17727390875036544,-0.0989353821620504,17.79,1.8999999999999997,29.099999999999998,,Reduces,Clear,Moderate,4
9__1,Team 9,Sewing,Style Changes,0.02761558050651891,0.00833357245944708,0.046599262288334185,0.0,0.0,2.0,,Supports,Clear,Smaller,5
9__1,Team 9,Sewing,Overtime,-0.014635888424691714,-0.023074282765383335,-0.006605938134227076,5040.0,960.0,10368.0,min,Reduces,Clear,Smaller,6
