date,date_or_order,series,team_display,department_display,day_index,split_code,is_burn_in,p_alarm,risk_status,risk_flag,actual_alarm
2015-01-01,0,10__0,Team 10,Finishing,0,0,True,0.5466782014430591,High Risk,1,0
2015-01-03,1,10__0,Team 10,Finishing,1,0,True,0.5675905123347811,High Risk,1,0
2015-01-04,2,10__0,Team 10,Finishing,2,0,True,0.4149436395367467,High Risk,1,0
2015-01-05,3,10__0,Team 10,Finishing,3,0,True,0.5483181282836245,High Risk,1,0
2015-01-06,4,10__0,Team 10,Finishing,4,0,True,0.5589386094076944,High Risk,1,0
2015-01-07,5,10__0,Team 10,Finishing,5,0,True,0.5320109616237172,High Risk,1,0
2015-01-08,6,10__0,Team 10,Finishing,6,0,True,0.5212233800658939,High Risk,1,0
2015-01-10,7,10__0,Team 10,Finishing,7,0,True,0.557508492183174,High Risk,1,0
2015-01-11,8,10__0,Team 10,Finishing,8,0,False,0.534645001626448,High Risk,1,0
2015-01-12,9,10__0,Team 10,Finishing,9,0,False,0.5171471665451829,High Risk,1,1
2015-01-13,10,10__0,Team 10,Finishing,10,0,False,0.4057673173760063,High Risk,1,0
2015-01-14,11,10__0,Team 10,Finishing,11,0,False,0.5282449090329597,High Risk,1,1
2015-01-15,12,10__0,Team 10,Finishing,12,0,False,0.4288322489246826,High Risk,1,0
2015-01-17,13,10__0,Team 10,Finishing,13,0,False,0.5424955903710261,High Risk,1,0
2015-01-18,14,10__0,Team 10,Finishing,14,0,False,0.3954481904523086,Watch,0,1
2015-01-19,15,10__0,Team 10,Finishing,15,0,False,0.421378967767367,High Risk,1,1
2015-01-22,18,10__0,Team 10,Finishing,16,0,False,0.4072606475611912,High Risk,1,0
2015-01-24,19,10__0,Team 10,Finishing,17,0,False,0.4297354872605283,High Risk,1,0
2015-01-25,20,10__0,Team 10,Finishing,18,0,False,0.3072484139197158,Watch,0,0
2015-01-26,21,10__0,Team 10,Finishing,19,0,False,0.2740506388451411,Healthy,0,0
2015-01-27,22,10__0,Team 10,Finishing,20,0,False,0.3584797864508314,Watch,0,0
2015-01-28,23,10__0,Team 10,Finishing,21,0,False,0.3626322576980884,Watch,0,0
2015-01-29,24,10__0,Team 10,Finishing,22,0,False,0.2903783453600684,Healthy,0,0
2015-01-31,25,10__0,Team 10,Finishing,23,0,False,0.2880040945294735,Healthy,0,0
2015-02-01,26,10__0,Team 10,Finishing,24,0,False,0.2989630344590664,Healthy,0,0
2015-02-02,27,10__0,Team 10,Finishing,25,0,False,0.2942084844582492,Healthy,0,0
2015-02-05,30,10__0,Team 10,Finishing,26,0,False,0.3267003453371749,Watch,0,0
2015-02-17,40,10__0,Team 10,Finishing,27,0,False,0.3575615413417473,Watch,0,0
2015-02-18,41,10__0,Team 10,Finishing,28,1,False,0.3466088881135244,Watch,0,1
2015-02-19,42,10__0,Team 10,Finishing,29,1,False,0.3218254001033377,Watch,0,0
2015-02-22,43,10__0,Team 10,Finishing,30,1,False,0.3662093011212102,Watch,0,1
2015-02-23,44,10__0,Team 10,Finishing,31,1,False,0.2378021690560675,Healthy,0,0
2015-02-24,45,10__0,Team 10,Finishing,32,1,False,0.1691466761516651,Healthy,0,0
2015-02-25,46,10__0,Team 10,Finishing,33,1,False,0.2160842843788708,Healthy,0,0
2015-02-26,47,10__0,Team 10,Finishing,34,1,False,0.2536545727803127,Healthy,0,1
2015-02-28,48,10__0,Team 10,Finishing,35,1,False,0.2643068130982514,Healthy,0,1
2015-03-01,49,10__0,Team 10,Finishing,36,1,False,0.2395837582981232,Healthy,0,0
2015-03-02,50,10__0,Team 10,Finishing,37,2,False,0.2436128832453178,Healthy,0,0
2015-03-03,51,10__0,Team 10,Finishing,38,2,False,0.2483306670929776,Healthy,0,1
2015-03-08,55,10__0,Team 10,Finishing,39,2,False,0.2579582459996171,Healthy,0,1
2015-03-09,56,10__0,Team 10,Finishing,40,2,False,0.0027035130163285,Healthy,0,1
2015-03-10,57,10__0,Team 10,Finishing,41,2,False,0.2904949133433886,Healthy,0,1
2015-03-11,58,10__0,Team 10,Finishing,42,2,False,0.3462581875703812,Watch,0,1
2015-01-01,0,10__1,Team 10,Sewing,0,0,True,0.3938101955731598,Watch,0,0
2015-01-03,1,10__1,Team 10,Sewing,1,0,True,0.3237692705828449,Watch,0,0
2015-01-04,2,10__1,Team 10,Sewing,2,0,True,0.3726614845589523,Watch,0,0
2015-01-05,3,10__1,Team 10,Sewing,3,0,True,0.3941301433844711,Watch,0,0
2015-01-06,4,10__1,Team 10,Sewing,4,0,True,0.3883566161662513,Watch,0,0
2015-01-07,5,10__1,Team 10,Sewing,5,0,True,0.2273706260596449,Healthy,0,0
2015-01-08,6,10__1,Team 10,Sewing,6,0,True,0.2425450343513169,Healthy,0,0
2015-01-10,7,10__1,Team 10,Sewing,7,0,True,0.3335732955408777,Watch,0,0
2015-01-11,8,10__1,Team 10,Sewing,8,0,False,0.5165882200107608,High Risk,1,0
2015-01-12,9,10__1,Team 10,Sewing,9,0,False,0.5418200144683245,High Risk,1,0
2015-01-13,10,10__1,Team 10,Sewing,10,0,False,0.1591356241767735,Healthy,0,0
2015-01-14,11,10__1,Team 10,Sewing,11,0,False,0.2749465879927819,Healthy,0,0
2015-01-15,12,10__1,Team 10,Sewing,12,0,False,0.3956584805906751,Watch,0,0
2015-01-17,13,10__1,Team 10,Sewing,13,0,False,0.3791015069251695,Watch,0,0
2015-01-18,14,10__1,Team 10,Sewing,14,0,False,0.4034220585006875,High Risk,1,0
2015-01-19,15,10__1,Team 10,Sewing,15,0,False,0.2550713563802935,Healthy,0,0
2015-01-20,16,10__1,Team 10,Sewing,16,0,False,0.2512380283111278,Healthy,0,0
2015-01-21,17,10__1,Team 10,Sewing,17,0,False,0.1749667447818541,Healthy,0,0
2015-01-22,18,10__1,Team 10,Sewing,18,0,False,0.3621566249347684,Watch,0,0
2015-01-24,19,10__1,Team 10,Sewing,19,0,False,0.2553954063536938,Healthy,0,0
2015-01-25,20,10__1,Team 10,Sewing,20,0,False,0.2539320595150365,Healthy,0,0
2015-01-26,21,10__1,Team 10,Sewing,21,0,False,0.3623665986314746,Watch,0,0
2015-01-27,22,10__1,Team 10,Sewing,22,0,False,0.2951140030208032,Healthy,0,0
2015-01-28,23,10__1,Team 10,Sewing,23,0,False,0.3645255656215394,Watch,0,0
2015-01-29,24,10__1,Team 10,Sewing,24,0,False,0.125416011164148,Healthy,0,0
2015-01-31,25,10__1,Team 10,Sewing,25,0,False,0.1058852234465998,Healthy,0,0
2015-02-01,26,10__1,Team 10,Sewing,26,0,False,0.2108405567012742,Healthy,0,0
2015-02-02,27,10__1,Team 10,Sewing,27,0,False,0.0791670593128154,Healthy,0,0
2015-02-03,28,10__1,Team 10,Sewing,28,0,False,0.1361205523951673,Healthy,0,0
2015-02-04,29,10__1,Team 10,Sewing,29,0,False,0.0495527833781621,Healthy,0,0
2015-02-05,30,10__1,Team 10,Sewing,30,0,False,0.0388850253433187,Healthy,0,0
2015-02-07,31,10__1,Team 10,Sewing,31,0,False,0.0782067721361722,Healthy,0,0
2015-02-08,32,10__1,Team 10,Sewing,32,0,False,0.0807403847260042,Healthy,0,0
2015-02-09,33,10__1,Team 10,Sewing,33,0,False,0.0733165291563869,Healthy,0,0
2015-02-10,34,10__1,Team 10,Sewing,34,0,False,0.0601141272047565,Healthy,0,0
2015-02-11,35,10__1,Team 10,Sewing,35,0,False,0.1226054322086651,Healthy,0,0
2015-02-12,36,10__1,Team 10,Sewing,36,0,False,0.6707661787006389,High Risk,1,1
2015-02-16,39,10__1,Team 10,Sewing,37,0,False,0.4361679618509333,High Risk,1,1
2015-02-17,40,10__1,Team 10,Sewing,38,0,False,0.4206575124926673,High Risk,1,1
2015-02-18,41,10__1,Team 10,Sewing,39,1,False,0.5669154229163392,High Risk,1,1
2015-02-19,42,10__1,Team 10,Sewing,40,1,False,0.5764316106476022,High Risk,1,1
2015-02-22,43,10__1,Team 10,Sewing,41,1,False,0.60653866376722,High Risk,1,1
2015-02-23,44,10__1,Team 10,Sewing,42,1,False,0.6086501841150296,High Risk,1,1
2015-02-24,45,10__1,Team 10,Sewing,43,1,False,0.607965839682681,High Risk,1,1
2015-02-25,46,10__1,Team 10,Sewing,44,1,False,0.5959526298250317,High Risk,1,0
2015-02-26,47,10__1,Team 10,Sewing,45,1,False,0.6001048923480113,High Risk,1,0
2015-02-28,48,10__1,Team 10,Sewing,46,1,False,0.30780061528893,Watch,0,0
2015-03-01,49,10__1,Team 10,Sewing,47,1,False,0.3442161961919955,Watch,0,0
2015-03-02,50,10__1,Team 10,Sewing,48,2,False,0.3400089547503371,Watch,0,0
2015-03-03,51,10__1,Team 10,Sewing,49,2,False,0.3480254417988052,Watch,0,0
2015-03-04,52,10__1,Team 10,Sewing,50,2,False,0.3458813488600643,Watch,0,0
2015-03-05,53,10__1,Team 10,Sewing,51,2,False,0.3496797366243106,Watch,0,0
2015-03-07,54,10__1,Team 10,Sewing,52,2,False,0.3537901798601591,Watch,0,0
2015-03-08,55,10__1,Team 10,Sewing,53,2,False,0.3629807290768702,Watch,0,0
2015-03-09,56,10__1,Team 10,Sewing,54,2,False,0.3570750165190213,Watch,0,0
2015-03-10,57,10__1,Team 10,Sewing,55,2,False,0.3846209791175059,Watch,0,0
2015-03-11,58,10__1,Team 10,Sewing,56,2,False,0.3796555022521184,Watch,0,0
2015-01-01,0,11__0,Team 11,Finishing,0,0,True,0.5042932990244079,High Risk,1,1
2015-01-03,1,11__0,Team 11,Finishing,1,0,True,0.495043322521882,High Risk,1,0
2015-01-04,2,11__0,Team 11,Finishing,2,0,True,0.521984390487898,High Risk,1,1
2015-01-05,3,11__0,Team 11,Finishing,3,0,True,0.5713378407650316,High Risk,1,0
2015-01-06,4,11__0,Team 11,Finishing,4,0,True,0.4467545205185221,High Risk,1,0
2015-01-08,6,11__0,Team 11,Finishing,5,0,True,0.6119434456516114,High Risk,1,1
2015-01-10,7,11__0,Team 11,Finishing,6,0,True,0.5423593780156667,High Risk,1,0
2015-01-11,8,11__0,Team 11,Finishing,7,0,True,0.5232045284410224,High Risk,1,1
2015-01-12,9,11__0,Team 11,Finishing,8,0,False,0.5227096962168121,High Risk,1,1
2015-01-13,10,11__0,Team 11,Finishing,9,0,False,0.5245705370501593,High Risk,1,1
2015-01-14,11,11__0,Team 11,Finishing,10,0,False,0.5552768513567845,High Risk,1,0
2015-01-17,13,11__0,Team 11,Finishing,11,0,False,0.5359027811461563,High Risk,1,1
2015-01-18,14,11__0,Team 11,Finishing,12,0,False,0.3210178248440468,Watch,0,0
2015-01-19,15,11__0,Team 11,Finishing,13,0,False,0.4210515640950562,High Risk,1,1
2015-01-20,16,11__0,Team 11,Finishing,14,0,False,0.3337119702399589,Watch,0,1
2015-01-21,17,11__0,Team 11,Finishing,15,0,False,0.4403812729709943,High Risk,1,1
2015-01-24,19,11__0,Team 11,Finishing,16,0,False,0.4895557235868756,High Risk,1,0
2015-01-28,23,11__0,Team 11,Finishing,17,0,False,0.2441547466858097,Healthy,0,1
2015-01-29,24,11__0,Team 11,Finishing,18,0,False,0.2790133799354665,Healthy,0,0
2015-01-31,25,11__0,Team 11,Finishing,19,0,False,0.4134997963085001,High Risk,1,0
2015-02-15,38,11__0,Team 11,Finishing,20,0,False,0.2629447720092359,Healthy,0,0
2015-02-22,43,11__0,Team 11,Finishing,21,1,False,0.2525690532409543,Healthy,0,0
2015-02-24,45,11__0,Team 11,Finishing,22,1,False,0.3897298027219432,Watch,0,1
2015-03-05,53,11__0,Team 11,Finishing,23,2,False,0.4218589998726985,High Risk,1,0
2015-03-07,54,11__0,Team 11,Finishing,24,2,False,0.4433290126667237,High Risk,1,1
2015-03-08,55,11__0,Team 11,Finishing,25,2,False,0.4579128042926211,High Risk,1,0
2015-03-09,56,11__0,Team 11,Finishing,26,2,False,0.0351398716380977,Healthy,0,0
2015-03-10,57,11__0,Team 11,Finishing,27,2,False,0.4574846541676017,High Risk,1,0
2015-03-11,58,11__0,Team 11,Finishing,28,2,False,0.4246536425037693,High Risk,1,0
2015-01-01,0,11__1,Team 11,Sewing,0,0,True,0.423506220365638,High Risk,1,0
2015-01-03,1,11__1,Team 11,Sewing,1,0,True,0.4100599407369241,High Risk,1,0
2015-01-04,2,11__1,Team 11,Sewing,2,0,True,0.3948906016339825,Watch,0,0
2015-01-05,3,11__1,Team 11,Sewing,3,0,True,0.3957953990066849,Watch,0,0
2015-01-06,4,11__1,Team 11,Sewing,4,0,True,0.3707166148704223,Watch,0,0
2015-01-07,5,11__1,Team 11,Sewing,5,0,True,0.5038301606789628,High Risk,1,1
2015-01-08,6,11__1,Team 11,Sewing,6,0,True,0.102900518318671,Healthy,0,0
2015-01-10,7,11__1,Team 11,Sewing,7,0,True,0.1920706522098001,Healthy,0,0
2015-01-11,8,11__1,Team 11,Sewing,8,0,False,0.3007036374933719,Watch,0,0
2015-01-12,9,11__1,Team 11,Sewing,9,0,False,0.2884392363923564,Healthy,0,0
2015-01-13,10,11__1,Team 11,Sewing,10,0,False,0.4894951123806375,High Risk,1,1
2015-01-14,11,11__1,Team 11,Sewing,11,0,False,0.1328521708519543,Healthy,0,0
2015-01-15,12,11__1,Team 11,Sewing,12,0,False,0.2663155595610103,Healthy,0,0
2015-01-17,13,11__1,Team 11,Sewing,13,0,False,0.3335164504785765,Watch,0,0
2015-01-18,14,11__1,Team 11,Sewing,14,0,False,0.3511762662114374,Watch,0,0
2015-01-19,15,11__1,Team 11,Sewing,15,0,False,0.3564684347959101,Watch,0,0
2015-01-20,16,11__1,Team 11,Sewing,16,0,False,0.355648481678732,Watch,0,0
2015-01-21,17,11__1,Team 11,Sewing,17,0,False,0.3486840739840409,Watch,0,0
2015-01-22,18,11__1,Team 11,Sewing,18,0,False,0.35736218018022,Watch,0,0
2015-01-24,19,11__1,Team 11,Sewing,19,0,False,0.5021923260112641,High Risk,1,0
2015-01-25,20,11__1,Team 11,Sewing,20,0,False,0.638039335912042,High Risk,1,1
2015-01-26,21,11__1,Team 11,Sewing,21,0,False,0.2168032928836286,Healthy,0,0
2015-01-27,22,11__1,Team 11,Sewing,22,0,False,0.415096235734122,High Risk,1,1
2015-01-28,23,11__1,Team 11,Sewing,23,0,False,0.2312168217631028,Healthy,0,0
2015-01-29,24,11__1,Team 11,Sewing,24,0,False,0.2531657876468667,Healthy,0,0
2015-01-31,25,11__1,Team 11,Sewing,25,0,False,0.2917316002267929,Healthy,0,0
2015-02-01,26,11__1,Team 11,Sewing,26,0,False,0.2032750217623756,Healthy,0,0
2015-02-02,27,11__1,Team 11,Sewing,27,0,False,0.2285260008146313,Healthy,0,0
2015-02-03,28,11__1,Team 11,Sewing,28,0,False,0.3547949815601943,Watch,0,0
2015-02-04,29,11__1,Team 11,Sewing,29,0,False,0.2620568881370882,Healthy,0,0
2015-02-05,30,11__1,Team 11,Sewing,30,0,False,0.5572480269971173,High Risk,1,0
2015-02-07,31,11__1,Team 11,Sewing,31,0,False,0.4920086441026722,High Risk,1,0
2015-02-08,32,11__1,Team 11,Sewing,32,0,False,0.5043948962200989,High Risk,1,0
2015-02-09,33,11__1,Team 11,Sewing,33,0,False,0.4371401026985816,High Risk,1,0
2015-02-10,34,11__1,Team 11,Sewing,34,0,False,0.7070333609549371,High Risk,1,0
2015-02-11,35,11__1,Team 11,Sewing,35,0,False,0.1677070190426542,Healthy,0,0
2015-02-12,36,11__1,Team 11,Sewing,36,0,False,0.2769964146361122,Healthy,0,0
2015-02-14,37,11__1,Team 11,Sewing,37,0,False,0.3060286365148306,Watch,0,0
2015-02-15,38,11__1,Team 11,Sewing,38,0,False,0.4010688780878542,High Risk,1,0
2015-02-16,39,11__1,Team 11,Sewing,39,0,False,0.4231368506536305,High Risk,1,1
2015-02-17,40,11__1,Team 11,Sewing,40,0,False,0.409323364227356,High Risk,1,0
2015-02-18,41,11__1,Team 11,Sewing,41,1,False,0.4252503109152619,High Risk,1,0
2015-02-19,42,11__1,Team 11,Sewing,42,1,False,0.4159041015932814,High Risk,1,0
2015-02-22,43,11__1,Team 11,Sewing,43,1,False,0.5797653741782048,High Risk,1,0
2015-02-23,44,11__1,Team 11,Sewing,44,1,False,0.572680153221252,High Risk,1,0
2015-02-24,45,11__1,Team 11,Sewing,45,1,False,0.4593664155566235,High Risk,1,0
2015-02-25,46,11__1,Team 11,Sewing,46,1,False,0.4529001816788298,High Risk,1,0
2015-02-26,47,11__1,Team 11,Sewing,47,1,False,0.4181238103822819,High Risk,1,0
2015-02-28,48,11__1,Team 11,Sewing,48,1,False,0.3302090863935799,Watch,0,0
2015-03-01,49,11__1,Team 11,Sewing,49,1,False,0.3748145140309073,Watch,0,0
2015-03-02,50,11__1,Team 11,Sewing,50,2,False,0.3515019853816331,Watch,0,0
2015-03-03,51,11__1,Team 11,Sewing,51,2,False,0.3520210254759383,Watch,0,0
2015-03-04,52,11__1,Team 11,Sewing,52,2,False,0.4313869728274703,High Risk,1,0
2015-03-05,53,11__1,Team 11,Sewing,53,2,False,0.4400991102838885,High Risk,1,0
2015-03-07,54,11__1,Team 11,Sewing,54,2,False,0.4312786858635475,High Risk,1,0
2015-03-08,55,11__1,Team 11,Sewing,55,2,False,0.4607515178386763,High Risk,1,0
2015-03-09,56,11__1,Team 11,Sewing,56,2,False,0.4506701487630725,High Risk,1,0
2015-03-10,57,11__1,Team 11,Sewing,57,2,False,0.4496749362573023,High Risk,1,0
2015-03-11,58,11__1,Team 11,Sewing,58,2,False,0.4226712688198629,High Risk,1,0
2015-01-19,15,12__0,Team 12,Finishing,0,0,True,0.5884672089540132,High Risk,1,0
2015-01-22,18,12__0,Team 12,Finishing,1,0,True,0.4167720920911635,High Risk,1,1
2015-01-24,19,12__0,Team 12,Finishing,2,0,True,0.5197695051271244,High Risk,1,0
2015-01-25,20,12__0,Team 12,Finishing,3,0,True,0.4856417885719045,High Risk,1,0
2015-01-26,21,12__0,Team 12,Finishing,4,0,True,0.4847743501615149,High Risk,1,0
2015-01-27,22,12__0,Team 12,Finishing,5,0,True,0.4682906436162949,High Risk,1,0
2015-01-28,23,12__0,Team 12,Finishing,6,0,True,0.493375542894045,High Risk,1,0
2015-01-29,24,12__0,Team 12,Finishing,7,0,True,0.4178106615945675,High Risk,1,1
2015-01-31,25,12__0,Team 12,Finishing,8,0,False,0.4230091202629552,High Risk,1,0
2015-02-01,26,12__0,Team 12,Finishing,9,0,False,0.4118293680126906,High Risk,1,0
2015-02-02,27,12__0,Team 12,Finishing,10,0,False,0.4124923407041309,High Risk,1,0
2015-02-03,28,12__0,Team 12,Finishing,11,0,False,0.4580058972295522,High Risk,1,0
2015-02-04,29,12__0,Team 12,Finishing,12,0,False,0.4536556670187683,High Risk,1,0
2015-02-05,30,12__0,Team 12,Finishing,13,0,False,0.4554383662800361,High Risk,1,0
2015-02-07,31,12__0,Team 12,Finishing,14,0,False,0.4396634209438798,High Risk,1,0
2015-02-08,32,12__0,Team 12,Finishing,15,0,False,0.4366061583504912,High Risk,1,0
2015-02-09,33,12__0,Team 12,Finishing,16,0,False,0.4247323700265286,High Risk,1,1
2015-02-10,34,12__0,Team 12,Finishing,17,0,False,0.445778947277486,High Risk,1,0
2015-02-11,35,12__0,Team 12,Finishing,18,0,False,0.3784519076679552,Watch,0,0
2015-02-12,36,12__0,Team 12,Finishing,19,0,False,0.3190648229902542,Watch,0,0
2015-02-14,37,12__0,Team 12,Finishing,20,0,False,0.3176217712681464,Watch,0,0
2015-02-15,38,12__0,Team 12,Finishing,21,0,False,0.3348322632787492,Watch,0,0
2015-02-16,39,12__0,Team 12,Finishing,22,0,False,0.3304005774878833,Watch,0,0
2015-02-17,40,12__0,Team 12,Finishing,23,0,False,0.3434271480216058,Watch,0,0
2015-02-18,41,12__0,Team 12,Finishing,24,1,False,0.3232793582375823,Watch,0,0
2015-02-19,42,12__0,Team 12,Finishing,25,1,False,0.317663179602149,Watch,0,1
2015-02-22,43,12__0,Team 12,Finishing,26,1,False,0.3207289064331055,Watch,0,0
2015-02-23,44,12__0,Team 12,Finishing,27,1,False,0.3305697198680899,Watch,0,0
2015-02-25,46,12__0,Team 12,Finishing,28,1,False,0.2551411561112228,Healthy,0,0
2015-02-26,47,12__0,Team 12,Finishing,29,1,False,0.3227254743734546,Watch,0,1
2015-02-28,48,12__0,Team 12,Finishing,30,1,False,0.3298822619024572,Watch,0,1
2015-03-02,50,12__0,Team 12,Finishing,31,2,False,0.3018282755532303,Watch,0,1
2015-03-03,51,12__0,Team 12,Finishing,32,2,False,0.3086015612764011,Watch,0,1
2015-03-04,52,12__0,Team 12,Finishing,33,2,False,0.3055269835809274,Watch,0,0
2015-03-05,53,12__0,Team 12,Finishing,34,2,False,0.3025578330620037,Watch,0,0
2015-03-07,54,12__0,Team 12,Finishing,35,2,False,0.3006283474635268,Watch,0,0
2015-03-08,55,12__0,Team 12,Finishing,36,2,False,0.3080740217037782,Watch,0,0
2015-03-09,56,12__0,Team 12,Finishing,37,2,False,0.0171146762873898,Healthy,0,0
2015-03-10,57,12__0,Team 12,Finishing,38,2,False,0.3099031751663646,Watch,0,0
2015-03-11,58,12__0,Team 12,Finishing,39,2,False,0.3098086742755515,Watch,0,0
2015-01-01,0,12__1,Team 12,Sewing,0,0,True,0.3618494294213396,Watch,0,0
2015-01-03,1,12__1,Team 12,Sewing,1,0,True,0.2960567211871706,Healthy,0,0
2015-01-04,2,12__1,Team 12,Sewing,2,0,True,0.3470099629601471,Watch,0,0
2015-01-05,3,12__1,Team 12,Sewing,3,0,True,0.346113856653915,Watch,0,0
2015-01-06,4,12__1,Team 12,Sewing,4,0,True,0.3363711702558682,Watch,0,0
2015-01-07,5,12__1,Team 12,Sewing,5,0,True,0.3322272333889774,Watch,0,0
2015-01-08,6,12__1,Team 12,Sewing,6,0,True,0.2938362020203248,Healthy,0,0
2015-01-10,7,12__1,Team 12,Sewing,7,0,True,0.3513275182238463,Watch,0,0
2015-01-11,8,12__1,Team 12,Sewing,8,0,False,0.3486249184181366,Watch,0,0
2015-01-12,9,12__1,Team 12,Sewing,9,0,False,0.3510449127641112,Watch,0,0
2015-01-13,10,12__1,Team 12,Sewing,10,0,False,0.3327080582155277,Watch,0,0
2015-01-14,11,12__1,Team 12,Sewing,11,0,False,0.3203675200353831,Watch,0,0
2015-01-15,12,12__1,Team 12,Sewing,12,0,False,0.3422463233435743,Watch,0,0
2015-01-17,13,12__1,Team 12,Sewing,13,0,False,0.257674243324277,Healthy,0,0
2015-01-18,14,12__1,Team 12,Sewing,14,0,False,0.4261127122435574,High Risk,1,1
2015-01-19,15,12__1,Team 12,Sewing,15,0,False,0.10164451200389,Healthy,0,0
2015-01-20,16,12__1,Team 12,Sewing,16,0,False,0.2133596382503084,Healthy,0,0
2015-01-21,17,12__1,Team 12,Sewing,17,0,False,0.3211783302825131,Watch,0,0
2015-01-22,18,12__1,Team 12,Sewing,18,0,False,0.3291260833316881,Watch,0,0
2015-01-24,19,12__1,Team 12,Sewing,19,0,False,0.4167487344046188,High Risk,1,0
2015-01-25,20,12__1,Team 12,Sewing,20,0,False,0.3570017150118471,Watch,0,0
2015-01-26,21,12__1,Team 12,Sewing,21,0,False,0.355198978962206,Watch,0,0
2015-01-27,22,12__1,Team 12,Sewing,22,0,False,0.3469757352931892,Watch,0,0
2015-01-28,23,12__1,Team 12,Sewing,23,0,False,0.3711118980133252,Watch,0,0
2015-01-29,24,12__1,Team 12,Sewing,24,0,False,0.2913913045051618,Healthy,0,0
2015-01-31,25,12__1,Team 12,Sewing,25,0,False,0.3002932535009608,Watch,0,0
2015-02-01,26,12__1,Team 12,Sewing,26,0,False,0.3225076549320437,Watch,0,0
2015-02-02,27,12__1,Team 12,Sewing,27,0,False,0.1725841801850949,Healthy,0,0
2015-02-03,28,12__1,Team 12,Sewing,28,0,False,0.3674213332067368,Watch,0,0
2015-02-04,29,12__1,Team 12,Sewing,29,0,False,0.4453152757947231,High Risk,1,0
2015-02-05,30,12__1,Team 12,Sewing,30,0,False,0.4238106536076664,High Risk,1,0
2015-02-07,31,12__1,Team 12,Sewing,31,0,False,0.2713394389196494,Healthy,0,0
2015-02-08,32,12__1,Team 12,Sewing,32,0,False,0.2803805629945733,Healthy,0,0
2015-02-09,33,12__1,Team 12,Sewing,33,0,False,0.28654897268102,Healthy,0,0
2015-02-10,34,12__1,Team 12,Sewing,34,0,False,0.3876077638600108,Watch,0,0
2015-02-11,35,12__1,Team 12,Sewing,35,0,False,0.3876393086265489,Watch,0,0
2015-02-12,36,12__1,Team 12,Sewing,36,0,False,0.382741712407656,Watch,0,0
2015-02-14,37,12__1,Team 12,Sewing,37,0,False,0.2813403337588868,Healthy,0,0
2015-02-15,38,12__1,Team 12,Sewing,38,0,False,0.3819065651793812,Watch,0,0
2015-02-16,39,12__1,Team 12,Sewing,39,0,False,0.4657175777991184,High Risk,1,0
2015-02-17,40,12__1,Team 12,Sewing,40,0,False,0.459733006593501,High Risk,1,0
2015-02-18,41,12__1,Team 12,Sewing,41,1,False,0.2851327941810231,Healthy,0,0
2015-02-19,42,12__1,Team 12,Sewing,42,1,False,0.4428105493822386,High Risk,1,0
2015-02-22,43,12__1,Team 12,Sewing,43,1,False,0.2931116527182044,Healthy,0,0
2015-02-23,44,12__1,Team 12,Sewing,44,1,False,0.2951626592803535,Healthy,0,0
2015-02-24,45,12__1,Team 12,Sewing,45,1,False,0.3936069545108723,Watch,0,0
2015-02-25,46,12__1,Team 12,Sewing,46,1,False,0.3916981012182486,Watch,0,0
2015-02-26,47,12__1,Team 12,Sewing,47,1,False,0.2907896685198692,Healthy,0,0
2015-02-28,48,12__1,Team 12,Sewing,48,1,False,0.2856018180791976,Healthy,0,0
2015-03-01,49,12__1,Team 12,Sewing,49,1,False,0.2479269298296866,Healthy,0,0
2015-03-02,50,12__1,Team 12,Sewing,50,2,False,0.2520148313146119,Healthy,0,0
2015-03-03,51,12__1,Team 12,Sewing,51,2,False,0.3484154409304002,Watch,0,0
2015-03-04,52,12__1,Team 12,Sewing,52,2,False,0.3484154678476917,Watch,0,0
2015-03-05,53,12__1,Team 12,Sewing,53,2,False,0.3474088490339094,Watch,0,0
2015-03-07,54,12__1,Team 12,Sewing,54,2,False,0.1713699565285925,Healthy,0,0
2015-03-08,55,12__1,Team 12,Sewing,55,2,False,0.2608039229493434,Healthy,0,0
2015-03-09,56,12__1,Team 12,Sewing,56,2,False,0.2587706143983352,Healthy,0,0
2015-03-10,57,12__1,Team 12,Sewing,57,2,False,0.2622141904294969,Healthy,0,0
2015-03-11,58,12__1,Team 12,Sewing,58,2,False,0.3020718945667137,Watch,0,0
2015-01-01,0,1__0,Team 1,Finishing,0,0,True,0.5549490168183792,High Risk,1,0
2015-01-03,1,1__0,Team 1,Finishing,1,0,True,0.5463761535674495,High Risk,1,0
2015-01-04,2,1__0,Team 1,Finishing,2,0,True,0.4954582816526275,High Risk,1,0
2015-01-05,3,1__0,Team 1,Finishing,3,0,True,0.4562010823931818,High Risk,1,0
2015-01-06,4,1__0,Team 1,Finishing,4,0,True,0.3964144674649676,Watch,0,0
2015-01-07,5,1__0,Team 1,Finishing,5,0,True,0.3614959658235129,Watch,0,0
2015-01-08,6,1__0,Team 1,Finishing,6,0,True,0.3373887641966815,Watch,0,0
2015-01-10,7,1__0,Team 1,Finishing,7,0,True,0.3123558926734557,Watch,0,0
2015-01-11,8,1__0,Team 1,Finishing,8,0,False,0.2656014422365739,Healthy,0,0
2015-01-12,9,1__0,Team 1,Finishing,9,0,False,0.2614609487656816,Healthy,0,0
2015-01-13,10,1__0,Team 1,Finishing,10,0,False,0.4354031530844851,High Risk,1,0
2015-01-14,11,1__0,Team 1,Finishing,11,0,False,0.2176168296671486,Healthy,0,0
2015-01-15,12,1__0,Team 1,Finishing,12,0,False,0.2295042450888719,Healthy,0,0
2015-01-17,13,1__0,Team 1,Finishing,13,0,False,0.2270477773390432,Healthy,0,0
2015-01-21,17,1__0,Team 1,Finishing,14,0,False,0.1312232037789817,Healthy,0,1
2015-01-22,18,1__0,Team 1,Finishing,15,0,False,0.098162307766037,Healthy,0,0
2015-01-24,19,1__0,Team 1,Finishing,16,0,False,0.1900477049378445,Healthy,0,1
2015-01-25,20,1__0,Team 1,Finishing,17,0,False,0.2009888216231692,Healthy,0,0
2015-01-26,21,1__0,Team 1,Finishing,18,0,False,0.1662513998681581,Healthy,0,0
2015-01-27,22,1__0,Team 1,Finishing,19,0,False,0.1925969257762005,Healthy,0,0
2015-01-28,23,1__0,Team 1,Finishing,20,0,False,0.1965925995942113,Healthy,0,0
2015-01-29,24,1__0,Team 1,Finishing,21,0,False,0.1431354340551777,Healthy,0,0
2015-01-31,25,1__0,Team 1,Finishing,22,0,False,0.1159106353928964,Healthy,0,0
2015-02-01,26,1__0,Team 1,Finishing,23,0,False,0.1096507476622007,Healthy,0,0
2015-02-02,27,1__0,Team 1,Finishing,24,0,False,0.1065858633150111,Healthy,0,1
2015-02-03,28,1__0,Team 1,Finishing,25,0,False,0.2004203559879125,Healthy,0,0
2015-02-04,29,1__0,Team 1,Finishing,26,0,False,0.180674111206097,Healthy,0,0
2015-02-05,30,1__0,Team 1,Finishing,27,0,False,0.16218369598726,Healthy,0,0
2015-02-07,31,1__0,Team 1,Finishing,28,0,False,0.1802203158608434,Healthy,0,0
2015-02-08,32,1__0,Team 1,Finishing,29,0,False,0.1887093232755727,Healthy,0,0
2015-02-09,33,1__0,Team 1,Finishing,30,0,False,0.188085678336579,Healthy,0,0
2015-02-10,34,1__0,Team 1,Finishing,31,0,False,0.1659397656324331,Healthy,0,0
2015-02-11,35,1__0,Team 1,Finishing,32,0,False,0.16773212697402,Healthy,0,1
2015-02-12,36,1__0,Team 1,Finishing,33,0,False,0.1756760335135433,Healthy,0,1
2015-02-14,37,1__0,Team 1,Finishing,34,0,False,0.1824645350909985,Healthy,0,0
2015-02-15,38,1__0,Team 1,Finishing,35,0,False,0.2394022225476305,Healthy,0,0
2015-02-22,43,1__0,Team 1,Finishing,36,1,False,0.1820462529463974,Healthy,0,0
2015-02-26,47,1__0,Team 1,Finishing,37,1,False,0.0689103433998209,Healthy,0,0
2015-02-28,48,1__0,Team 1,Finishing,38,1,False,0.0703381633326042,Healthy,0,0
2015-03-01,49,1__0,Team 1,Finishing,39,1,False,0.0918178159407712,Healthy,0,1
2015-03-02,50,1__0,Team 1,Finishing,40,2,False,0.120277681940916,Healthy,0,1
2015-03-03,51,1__0,Team 1,Finishing,41,2,False,0.1531932247641464,Healthy,0,1
2015-03-04,52,1__0,Team 1,Finishing,42,2,False,0.1528664391079647,Healthy,0,0
2015-03-05,53,1__0,Team 1,Finishing,43,2,False,0.154448005000207,Healthy,0,0
2015-03-07,54,1__0,Team 1,Finishing,44,2,False,0.1558364998806121,Healthy,0,0
2015-03-08,55,1__0,Team 1,Finishing,45,2,False,0.2007482363796405,Healthy,0,0
2015-03-09,56,1__0,Team 1,Finishing,46,2,False,0.0042132229978008,Healthy,0,0
2015-03-10,57,1__0,Team 1,Finishing,47,2,False,0.2112419606014747,Healthy,0,0
2015-03-11,58,1__0,Team 1,Finishing,48,2,False,0.2143194382885299,Healthy,0,0
2015-01-01,0,1__1,Team 1,Sewing,0,0,True,0.3994158937421646,Watch,0,0
2015-01-03,1,1__1,Team 1,Sewing,1,0,True,0.4118337122728452,High Risk,1,0
2015-01-04,2,1__1,Team 1,Sewing,2,0,True,0.3130242335477047,Watch,0,0
2015-01-05,3,1__1,Team 1,Sewing,3,0,True,0.3126211903892321,Watch,0,0
2015-01-06,4,1__1,Team 1,Sewing,4,0,True,0.2456869700935367,Healthy,0,0
2015-01-07,5,1__1,Team 1,Sewing,5,0,True,0.2474139933656167,Healthy,0,0
2015-01-08,6,1__1,Team 1,Sewing,6,0,True,0.2565678206838006,Healthy,0,0
2015-01-10,7,1__1,Team 1,Sewing,7,0,True,0.3262072479136449,Watch,0,0
2015-01-11,8,1__1,Team 1,Sewing,8,0,False,0.2532636407995567,Healthy,0,0
2015-01-12,9,1__1,Team 1,Sewing,9,0,False,0.2595591427177111,Healthy,0,0
2015-01-13,10,1__1,Team 1,Sewing,10,0,False,0.2622088694095235,Healthy,0,0
2015-01-14,11,1__1,Team 1,Sewing,11,0,False,0.3357979853221475,Watch,0,0
2015-01-15,12,1__1,Team 1,Sewing,12,0,False,0.2747380827506985,Healthy,0,0
2015-01-17,13,1__1,Team 1,Sewing,13,0,False,0.4703160499905482,High Risk,1,0
2015-01-18,14,1__1,Team 1,Sewing,14,0,False,0.5837346998040295,High Risk,1,1
2015-01-19,15,1__1,Team 1,Sewing,15,0,False,0.2581323352505194,Healthy,0,0
2015-01-21,17,1__1,Team 1,Sewing,16,0,False,0.3603547593341488,Watch,0,0
2015-01-22,18,1__1,Team 1,Sewing,17,0,False,0.2713024088903103,Healthy,0,0
2015-01-24,19,1__1,Team 1,Sewing,18,0,False,0.2036907072366065,Healthy,0,0
2015-01-25,20,1__1,Team 1,Sewing,19,0,False,0.2010156115048612,Healthy,0,0
2015-01-26,21,1__1,Team 1,Sewing,20,0,False,0.2865947554739396,Healthy,0,0
2015-01-27,22,1__1,Team 1,Sewing,21,0,False,0.3500539018047439,Watch,0,0
2015-01-28,23,1__1,Team 1,Sewing,22,0,False,0.197469968787867,Healthy,0,0
2015-01-29,24,1__1,Team 1,Sewing,23,0,False,0.1591230313827087,Healthy,0,0
2015-01-31,25,1__1,Team 1,Sewing,24,0,False,0.1624153783405358,Healthy,0,0
2015-02-01,26,1__1,Team 1,Sewing,25,0,False,0.0945150606446262,Healthy,0,0
2015-02-02,27,1__1,Team 1,Sewing,26,0,False,0.0489312441189419,Healthy,0,0
2015-02-03,28,1__1,Team 1,Sewing,27,0,False,0.066702524319394,Healthy,0,0
2015-02-04,29,1__1,Team 1,Sewing,28,0,False,0.1132034132115551,Healthy,0,0
2015-02-05,30,1__1,Team 1,Sewing,29,0,False,0.0561316056453512,Healthy,0,0
2015-02-07,31,1__1,Team 1,Sewing,30,0,False,0.0990426671894528,Healthy,0,0
2015-02-08,32,1__1,Team 1,Sewing,31,0,False,0.1047757605848511,Healthy,0,0
2015-02-09,33,1__1,Team 1,Sewing,32,0,False,0.1788453123591361,Healthy,0,0
2015-02-10,34,1__1,Team 1,Sewing,33,0,False,0.0794786178967936,Healthy,0,0
2015-02-11,35,1__1,Team 1,Sewing,34,0,False,0.0373825220334416,Healthy,0,0
2015-02-12,36,1__1,Team 1,Sewing,35,0,False,0.0154284530671994,Healthy,0,0
2015-02-14,37,1__1,Team 1,Sewing,36,0,False,0.0402912403456317,Healthy,0,0
2015-02-15,38,1__1,Team 1,Sewing,37,0,False,0.0379182532435563,Healthy,0,0
2015-02-16,39,1__1,Team 1,Sewing,38,0,False,0.0324365673465553,Healthy,0,0
2015-02-17,40,1__1,Team 1,Sewing,39,0,False,0.0277119161560336,Healthy,0,0
2015-02-18,41,1__1,Team 1,Sewing,40,1,False,0.1349332526230013,Healthy,0,0
2015-02-19,42,1__1,Team 1,Sewing,41,1,False,0.1831754211548101,Healthy,0,0
2015-02-24,45,1__1,Team 1,Sewing,42,1,False,0.2930099597493831,Healthy,0,1
2015-02-25,46,1__1,Team 1,Sewing,43,1,False,0.3477432103230553,Watch,0,0
2015-02-26,47,1__1,Team 1,Sewing,44,1,False,0.0738083264163013,Healthy,0,0
2015-02-28,48,1__1,Team 1,Sewing,45,1,False,0.1179309940498982,Healthy,0,0
2015-03-01,49,1__1,Team 1,Sewing,46,1,False,0.1389622007692128,Healthy,0,0
2015-03-02,50,1__1,Team 1,Sewing,47,2,False,0.0790744098066572,Healthy,0,0
2015-03-03,51,1__1,Team 1,Sewing,48,2,False,0.1157967301089948,Healthy,0,0
2015-03-04,52,1__1,Team 1,Sewing,49,2,False,0.1537308731135538,Healthy,0,0
2015-03-05,53,1__1,Team 1,Sewing,50,2,False,0.1627360698045511,Healthy,0,0
2015-03-07,54,1__1,Team 1,Sewing,51,2,False,0.0917648572057877,Healthy,0,0
2015-03-08,55,1__1,Team 1,Sewing,52,2,False,0.1391588848038387,Healthy,0,0
2015-03-09,56,1__1,Team 1,Sewing,53,2,False,0.1388206627855468,Healthy,0,0
2015-03-10,57,1__1,Team 1,Sewing,54,2,False,0.0976786459791159,Healthy,0,0
2015-03-11,58,1__1,Team 1,Sewing,55,2,False,0.2340310770075688,Healthy,0,0
2015-01-01,0,2__0,Team 2,Finishing,0,0,True,0.5850148226048131,High Risk,1,0
2015-01-03,1,2__0,Team 2,Finishing,1,0,True,0.6110000568136889,High Risk,1,0
2015-01-04,2,2__0,Team 2,Finishing,2,0,True,0.5868041529261792,High Risk,1,0
2015-01-05,3,2__0,Team 2,Finishing,3,0,True,0.5687562186338779,High Risk,1,0
2015-01-06,4,2__0,Team 2,Finishing,4,0,True,0.5547790360443736,High Risk,1,0
2015-01-07,5,2__0,Team 2,Finishing,5,0,True,0.5397985422600852,High Risk,1,0
2015-01-08,6,2__0,Team 2,Finishing,6,0,True,0.5356096907098927,High Risk,1,0
2015-01-10,7,2__0,Team 2,Finishing,7,0,True,0.5205187432652317,High Risk,1,0
2015-01-11,8,2__0,Team 2,Finishing,8,0,False,0.508941061084366,High Risk,1,0
2015-01-12,9,2__0,Team 2,Finishing,9,0,False,0.4982663874400269,High Risk,1,0
2015-01-13,10,2__0,Team 2,Finishing,10,0,False,0.4826893864460218,High Risk,1,0
2015-01-14,11,2__0,Team 2,Finishing,11,0,False,0.4745513054025161,High Risk,1,1
2015-01-17,13,2__0,Team 2,Finishing,12,0,False,0.4851346350994343,High Risk,1,0
2015-01-21,17,2__0,Team 2,Finishing,13,0,False,0.3050349747313455,Watch,0,0
2015-01-22,18,2__0,Team 2,Finishing,14,0,False,0.2637073739911691,Healthy,0,0
2015-01-24,19,2__0,Team 2,Finishing,15,0,False,0.4424938103029058,High Risk,1,1
2015-01-25,20,2__0,Team 2,Finishing,16,0,False,0.4472524914730371,High Risk,1,0
2015-01-26,21,2__0,Team 2,Finishing,17,0,False,0.3933734909344412,Watch,0,0
2015-01-27,22,2__0,Team 2,Finishing,18,0,False,0.3793013868872924,Watch,0,0
2015-01-28,23,2__0,Team 2,Finishing,19,0,False,0.3695902982798011,Watch,0,0
2015-01-29,24,2__0,Team 2,Finishing,20,0,False,0.3529421502632243,Watch,0,0
2015-01-31,25,2__0,Team 2,Finishing,21,0,False,0.3540683778430511,Watch,0,0
2015-02-01,26,2__0,Team 2,Finishing,22,0,False,0.3636064014173586,Watch,0,0
2015-02-03,28,2__0,Team 2,Finishing,23,0,False,0.2754505477525645,Healthy,0,0
2015-02-04,29,2__0,Team 2,Finishing,24,0,False,0.2485417020196618,Healthy,0,0
2015-02-05,30,2__0,Team 2,Finishing,25,0,False,0.2190646969866164,Healthy,0,0
2015-02-07,31,2__0,Team 2,Finishing,26,0,False,0.1772543538312406,Healthy,0,0
2015-02-08,32,2__0,Team 2,Finishing,27,0,False,0.1880465928349348,Healthy,0,0
2015-02-09,33,2__0,Team 2,Finishing,28,0,False,0.1892576745454218,Healthy,0,0
2015-02-10,34,2__0,Team 2,Finishing,29,0,False,0.1648435310104921,Healthy,0,0
2015-02-11,35,2__0,Team 2,Finishing,30,0,False,0.1607756135571568,Healthy,0,0
2015-02-12,36,2__0,Team 2,Finishing,31,0,False,0.1609629418916248,Healthy,0,1
2015-02-15,38,2__0,Team 2,Finishing,32,0,False,0.270402068173177,Healthy,0,0
2015-02-17,40,2__0,Team 2,Finishing,33,0,False,0.1894225268616866,Healthy,0,1
2015-02-18,41,2__0,Team 2,Finishing,34,1,False,0.2203157036843309,Healthy,0,0
2015-02-19,42,2__0,Team 2,Finishing,35,1,False,0.1988059552753825,Healthy,0,0
2015-02-22,43,2__0,Team 2,Finishing,36,1,False,0.1818229942123833,Healthy,0,0
2015-02-23,44,2__0,Team 2,Finishing,37,1,False,0.2813418857339992,Healthy,0,1
2015-02-24,45,2__0,Team 2,Finishing,38,1,False,0.2036094549004729,Healthy,0,1
2015-02-25,46,2__0,Team 2,Finishing,39,1,False,0.2139223653738639,Healthy,0,1
2015-02-26,47,2__0,Team 2,Finishing,40,1,False,0.2220002125236312,Healthy,0,1
2015-02-28,48,2__0,Team 2,Finishing,41,1,False,0.2279349040923509,Healthy,0,1
2015-03-01,49,2__0,Team 2,Finishing,42,1,False,0.2066110387466638,Healthy,0,1
2015-03-02,50,2__0,Team 2,Finishing,43,2,False,0.187916548856721,Healthy,0,0
2015-03-03,51,2__0,Team 2,Finishing,44,2,False,0.0482759416363261,Healthy,0,0
2015-03-04,52,2__0,Team 2,Finishing,45,2,False,0.1146164346716653,Healthy,0,0
2015-03-05,53,2__0,Team 2,Finishing,46,2,False,0.1645578413691537,Healthy,0,0
2015-03-07,54,2__0,Team 2,Finishing,47,2,False,0.1902317010973291,Healthy,0,1
2015-03-08,55,2__0,Team 2,Finishing,48,2,False,0.2043146770090761,Healthy,0,0
2015-03-09,56,2__0,Team 2,Finishing,49,2,False,0.0029793817159303,Healthy,0,0
2015-03-10,57,2__0,Team 2,Finishing,50,2,False,0.2439441174097901,Healthy,0,0
2015-03-11,58,2__0,Team 2,Finishing,51,2,False,0.2852802182394357,Healthy,0,0
2015-01-01,0,2__1,Team 2,Sewing,0,0,True,0.3567575493040397,Watch,0,0
2015-01-03,1,2__1,Team 2,Sewing,1,0,True,0.3007098726098507,Watch,0,0
2015-01-04,2,2__1,Team 2,Sewing,2,0,True,0.3566081891145956,Watch,0,0
2015-01-05,3,2__1,Team 2,Sewing,3,0,True,0.3543533916715843,Watch,0,0
2015-01-06,4,2__1,Team 2,Sewing,4,0,True,0.3585602196136165,Watch,0,0
2015-01-07,5,2__1,Team 2,Sewing,5,0,True,0.27796036287299,Healthy,0,0
2015-01-08,6,2__1,Team 2,Sewing,6,0,True,0.2895767613681228,Healthy,0,0
2015-01-10,7,2__1,Team 2,Sewing,7,0,True,0.2963003055362958,Healthy,0,0
2015-01-11,8,2__1,Team 2,Sewing,8,0,False,0.2951928805113571,Healthy,0,0
2015-01-12,9,2__1,Team 2,Sewing,9,0,False,0.3016900421964907,Watch,0,0
2015-01-13,10,2__1,Team 2,Sewing,10,0,False,0.3839244625442558,Watch,0,0
2015-01-14,11,2__1,Team 2,Sewing,11,0,False,0.5202045103362664,High Risk,1,1
2015-01-15,12,2__1,Team 2,Sewing,12,0,False,0.2712433129044475,Healthy,0,0
2015-01-17,13,2__1,Team 2,Sewing,13,0,False,0.3557950897525204,Watch,0,0
2015-01-18,14,2__1,Team 2,Sewing,14,0,False,0.3719075807735316,Watch,0,0
2015-01-19,15,2__1,Team 2,Sewing,15,0,False,0.364087501425919,Watch,0,0
2015-01-20,16,2__1,Team 2,Sewing,16,0,False,0.2907182687635663,Healthy,0,0
2015-01-21,17,2__1,Team 2,Sewing,17,0,False,0.2364774150019534,Healthy,0,0
2015-01-22,18,2__1,Team 2,Sewing,18,0,False,0.243039191751225,Healthy,0,0
2015-01-24,19,2__1,Team 2,Sewing,19,0,False,0.1125208016044498,Healthy,0,0
2015-01-25,20,2__1,Team 2,Sewing,20,0,False,0.1630285832336918,Healthy,0,0
2015-01-26,21,2__1,Team 2,Sewing,21,0,False,0.3095897491189769,Watch,0,0
2015-01-27,22,2__1,Team 2,Sewing,22,0,False,0.0562710861213736,Healthy,0,0
2015-01-28,23,2__1,Team 2,Sewing,23,0,False,0.1280939571750793,Healthy,0,0
2015-01-29,24,2__1,Team 2,Sewing,24,0,False,0.0375182809137018,Healthy,0,0
2015-01-31,25,2__1,Team 2,Sewing,25,0,False,0.0301724767282442,Healthy,0,0
2015-02-01,26,2__1,Team 2,Sewing,26,0,False,0.0286724873789869,Healthy,0,0
2015-02-02,27,2__1,Team 2,Sewing,27,0,False,0.0260634961829074,Healthy,0,0
2015-02-03,28,2__1,Team 2,Sewing,28,0,False,0.0390979846234802,Healthy,0,0
2015-02-04,29,2__1,Team 2,Sewing,29,0,False,0.0418379971828405,Healthy,0,0
2015-02-05,30,2__1,Team 2,Sewing,30,0,False,0.0217700312327997,Healthy,0,0
2015-02-07,31,2__1,Team 2,Sewing,31,0,False,0.0184582911897449,Healthy,0,0
2015-02-08,32,2__1,Team 2,Sewing,32,0,False,0.0163015252319768,Healthy,0,0
2015-02-09,33,2__1,Team 2,Sewing,33,0,False,0.0667072385134601,Healthy,0,0
2015-02-10,34,2__1,Team 2,Sewing,34,0,False,0.025381778918888,Healthy,0,0
2015-02-11,35,2__1,Team 2,Sewing,35,0,False,0.0247940550817733,Healthy,0,0
2015-02-12,36,2__1,Team 2,Sewing,36,0,False,0.0081122863820611,Healthy,0,0
2015-02-14,37,2__1,Team 2,Sewing,37,0,False,0.0978004039907918,Healthy,0,0
2015-02-15,38,2__1,Team 2,Sewing,38,0,False,0.4846178684477395,High Risk,1,1
2015-02-17,40,2__1,Team 2,Sewing,39,0,False,0.2012779307969682,Healthy,0,1
2015-02-18,41,2__1,Team 2,Sewing,40,1,False,0.2783292164578482,Healthy,0,1
2015-02-19,42,2__1,Team 2,Sewing,41,1,False,0.3299287784173352,Watch,0,0
2015-02-22,43,2__1,Team 2,Sewing,42,1,False,0.3867266310206321,Watch,0,0
2015-02-23,44,2__1,Team 2,Sewing,43,1,False,0.2132291989003942,Healthy,0,0
2015-02-24,45,2__1,Team 2,Sewing,44,1,False,0.2255544090392394,Healthy,0,0
2015-02-25,46,2__1,Team 2,Sewing,45,1,False,0.2391957060592414,Healthy,0,0
2015-02-26,47,2__1,Team 2,Sewing,46,1,False,0.4070864848937032,High Risk,1,0
2015-02-28,48,2__1,Team 2,Sewing,47,1,False,0.4004649522594783,High Risk,1,0
2015-03-01,49,2__1,Team 2,Sewing,48,1,False,0.3810043849545406,Watch,0,0
2015-03-03,51,2__1,Team 2,Sewing,49,2,False,0.1471709652974482,Healthy,0,1
2015-03-04,52,2__1,Team 2,Sewing,50,2,False,0.207034200809114,Healthy,0,1
2015-03-05,53,2__1,Team 2,Sewing,51,2,False,0.2617430337004192,Healthy,0,0
2015-03-07,54,2__1,Team 2,Sewing,52,2,False,0.3127948850122407,Watch,0,0
2015-03-08,55,2__1,Team 2,Sewing,53,2,False,0.1817015057596999,Healthy,0,0
2015-03-09,56,2__1,Team 2,Sewing,54,2,False,0.1897399801980113,Healthy,0,0
2015-03-10,57,2__1,Team 2,Sewing,55,2,False,0.1493956207870169,Healthy,0,0
2015-03-11,58,2__1,Team 2,Sewing,56,2,False,0.1603845413002327,Healthy,0,0
2015-01-03,1,3__0,Team 3,Finishing,0,0,True,0.5704314609986467,High Risk,1,0
2015-01-04,2,3__0,Team 3,Finishing,1,0,True,0.4889553435404615,High Risk,1,0
2015-01-05,3,3__0,Team 3,Finishing,2,0,True,0.3685566219353033,Watch,0,0
2015-01-06,4,3__0,Team 3,Finishing,3,0,True,0.3135260317093277,Watch,0,0
2015-01-07,5,3__0,Team 3,Finishing,4,0,True,0.2444426900714271,Healthy,0,0
2015-01-08,6,3__0,Team 3,Finishing,5,0,True,0.2797764561416163,Healthy,0,0
2015-01-10,7,3__0,Team 3,Finishing,6,0,True,0.2902480444924493,Healthy,0,0
2015-01-11,8,3__0,Team 3,Finishing,7,0,True,0.3203298885271761,Watch,0,0
2015-01-12,9,3__0,Team 3,Finishing,8,0,False,0.3126704704888788,Watch,0,0
2015-01-13,10,3__0,Team 3,Finishing,9,0,False,0.3141220615447477,Watch,0,0
2015-01-14,11,3__0,Team 3,Finishing,10,0,False,0.3370335027226404,Watch,0,0
2015-01-22,18,3__0,Team 3,Finishing,11,0,False,0.1646566911296179,Healthy,0,1
2015-01-24,19,3__0,Team 3,Finishing,12,0,False,0.3172842467193928,Watch,0,0
2015-01-25,20,3__0,Team 3,Finishing,13,0,False,0.2912079521836284,Healthy,0,0
2015-01-26,21,3__0,Team 3,Finishing,14,0,False,0.2577801112522182,Healthy,0,0
2015-01-27,22,3__0,Team 3,Finishing,15,0,False,0.177934642749789,Healthy,0,0
2015-01-29,24,3__0,Team 3,Finishing,16,0,False,0.2028368496440187,Healthy,0,1
2015-01-31,25,3__0,Team 3,Finishing,17,0,False,0.2201537091790363,Healthy,0,0
2015-02-16,39,3__0,Team 3,Finishing,18,0,False,0.0843640695217727,Healthy,0,0
2015-02-17,40,3__0,Team 3,Finishing,19,0,False,0.0601598170166868,Healthy,0,0
2015-02-18,41,3__0,Team 3,Finishing,20,1,False,0.0940476608262884,Healthy,0,1
2015-02-19,42,3__0,Team 3,Finishing,21,1,False,0.0842048392923895,Healthy,0,0
2015-02-22,43,3__0,Team 3,Finishing,22,1,False,0.0749625698025171,Healthy,0,0
2015-02-23,44,3__0,Team 3,Finishing,23,1,False,0.2168587680398498,Healthy,0,0
2015-02-24,45,3__0,Team 3,Finishing,24,1,False,0.2532618470339394,Healthy,0,0
2015-02-25,46,3__0,Team 3,Finishing,25,1,False,0.2002862727900426,Healthy,0,0
2015-02-26,47,3__0,Team 3,Finishing,26,1,False,0.2365878128398863,Healthy,0,0
2015-02-28,48,3__0,Team 3,Finishing,27,1,False,0.2321021385298142,Healthy,0,0
2015-03-01,49,3__0,Team 3,Finishing,28,1,False,0.1509910693564556,Healthy,0,0
2015-03-02,50,3__0,Team 3,Finishing,29,2,False,0.1519935045131154,Healthy,0,0
2015-03-03,51,3__0,Team 3,Finishing,30,2,False,0.1974434608223337,Healthy,0,0
2015-03-04,52,3__0,Team 3,Finishing,31,2,False,0.2310562032004697,Healthy,0,0
2015-03-05,53,3__0,Team 3,Finishing,32,2,False,0.1842702846105365,Healthy,0,0
2015-03-08,55,3__0,Team 3,Finishing,33,2,False,0.2178236019474455,Healthy,0,0
2015-03-09,56,3__0,Team 3,Finishing,34,2,False,0.0047330075024537,Healthy,0,0
2015-03-10,57,3__0,Team 3,Finishing,35,2,False,0.2271809213251452,Healthy,0,0
2015-03-11,58,3__0,Team 3,Finishing,36,2,False,0.2767568603202681,Healthy,0,0
2015-01-01,0,3__1,Team 3,Sewing,0,0,True,0.3800256046752425,Watch,0,0
2015-01-03,1,3__1,Team 3,Sewing,1,0,True,0.3951500954955467,Watch,0,0
2015-01-04,2,3__1,Team 3,Sewing,2,0,True,0.3424142320504558,Watch,0,0
2015-01-05,3,3__1,Team 3,Sewing,3,0,True,0.3332093708193648,Watch,0,0
2015-01-06,4,3__1,Team 3,Sewing,4,0,True,0.3587090918435298,Watch,0,0
2015-01-07,5,3__1,Team 3,Sewing,5,0,True,0.3570725204858044,Watch,0,0
2015-01-08,6,3__1,Team 3,Sewing,6,0,True,0.3681055553206234,Watch,0,0
2015-01-10,7,3__1,Team 3,Sewing,7,0,True,0.3294208569751243,Watch,0,0
2015-01-11,8,3__1,Team 3,Sewing,8,0,False,0.5710801676956846,High Risk,1,0
2015-01-12,9,3__1,Team 3,Sewing,9,0,False,0.5694187824679593,High Risk,1,0
2015-01-13,10,3__1,Team 3,Sewing,10,0,False,0.4165099321792923,High Risk,1,0
2015-01-15,12,3__1,Team 3,Sewing,11,0,False,0.2003062389917846,Healthy,0,0
2015-01-17,13,3__1,Team 3,Sewing,12,0,False,0.2766325960653544,Healthy,0,0
2015-01-18,14,3__1,Team 3,Sewing,13,0,False,0.3065864503787039,Watch,0,0
2015-01-19,15,3__1,Team 3,Sewing,14,0,False,0.2858129259106015,Healthy,0,0
2015-01-20,16,3__1,Team 3,Sewing,15,0,False,0.2832502702047708,Healthy,0,0
2015-01-21,17,3__1,Team 3,Sewing,16,0,False,0.2123198688848706,Healthy,0,0
2015-01-22,18,3__1,Team 3,Sewing,17,0,False,0.2214109119449087,Healthy,0,0
2015-01-24,19,3__1,Team 3,Sewing,18,0,False,0.226620455040659,Healthy,0,0
2015-01-25,20,3__1,Team 3,Sewing,19,0,False,0.3104403582351347,Watch,0,0
2015-01-26,21,3__1,Team 3,Sewing,20,0,False,0.2192081864788462,Healthy,0,0
2015-01-27,22,3__1,Team 3,Sewing,21,0,False,0.0493226737670382,Healthy,0,0
2015-01-28,23,3__1,Team 3,Sewing,22,0,False,0.0555352752915024,Healthy,0,0
2015-01-29,24,3__1,Team 3,Sewing,23,0,False,0.0435290222872012,Healthy,0,0
2015-01-31,25,3__1,Team 3,Sewing,24,0,False,0.0281789464303969,Healthy,0,0
2015-02-01,26,3__1,Team 3,Sewing,25,0,False,0.0417485472852012,Healthy,0,0
2015-02-02,27,3__1,Team 3,Sewing,26,0,False,0.0680298136856081,Healthy,0,0
2015-02-03,28,3__1,Team 3,Sewing,27,0,False,0.0437673512163866,Healthy,0,0
2015-02-04,29,3__1,Team 3,Sewing,28,0,False,0.0285153793290821,Healthy,0,0
2015-02-05,30,3__1,Team 3,Sewing,29,0,False,0.0352744412095198,Healthy,0,0
2015-02-07,31,3__1,Team 3,Sewing,30,0,False,0.0358557323042154,Healthy,0,0
2015-02-08,32,3__1,Team 3,Sewing,31,0,False,0.059623758937419,Healthy,0,0
2015-02-09,33,3__1,Team 3,Sewing,32,0,False,0.2197565101492484,Healthy,0,0
2015-02-10,34,3__1,Team 3,Sewing,33,0,False,0.0483265357112023,Healthy,0,0
2015-02-11,35,3__1,Team 3,Sewing,34,0,False,0.5040077086182054,High Risk,1,1
2015-02-12,36,3__1,Team 3,Sewing,35,0,False,0.1231323547049762,Healthy,0,0
2015-02-14,37,3__1,Team 3,Sewing,36,0,False,0.1236156112304035,Healthy,0,0
2015-02-15,38,3__1,Team 3,Sewing,37,0,False,0.2002844496477013,Healthy,0,1
2015-02-16,39,3__1,Team 3,Sewing,38,0,False,0.1001961410916527,Healthy,0,0
2015-02-17,40,3__1,Team 3,Sewing,39,0,False,0.1964636971986423,Healthy,0,0
2015-02-18,41,3__1,Team 3,Sewing,40,1,False,0.2033470368271644,Healthy,0,0
2015-02-19,42,3__1,Team 3,Sewing,41,1,False,0.2645027658304698,Healthy,0,0
2015-02-22,43,3__1,Team 3,Sewing,42,1,False,0.2935808316606378,Healthy,0,0
2015-02-23,44,3__1,Team 3,Sewing,43,1,False,0.3019522778643078,Watch,0,0
2015-02-24,45,3__1,Team 3,Sewing,44,1,False,0.2739424446444929,Healthy,0,0
2015-02-25,46,3__1,Team 3,Sewing,45,1,False,0.276648880756569,Healthy,0,0
2015-02-26,47,3__1,Team 3,Sewing,46,1,False,0.280641820566528,Healthy,0,0
2015-02-28,48,3__1,Team 3,Sewing,47,1,False,0.282374754089126,Healthy,0,0
2015-03-01,49,3__1,Team 3,Sewing,48,1,False,0.2766270104771371,Healthy,0,0
2015-03-02,50,3__1,Team 3,Sewing,49,2,False,0.2906306884315781,Healthy,0,0
2015-03-03,51,3__1,Team 3,Sewing,50,2,False,0.296466757143721,Healthy,0,0
2015-03-04,52,3__1,Team 3,Sewing,51,2,False,0.2157831829331835,Healthy,0,0
2015-03-05,53,3__1,Team 3,Sewing,52,2,False,0.223204963599077,Healthy,0,0
2015-03-07,54,3__1,Team 3,Sewing,53,2,False,0.2139707759557216,Healthy,0,0
2015-03-08,55,3__1,Team 3,Sewing,54,2,False,0.2934569972694655,Healthy,0,0
2015-03-09,56,3__1,Team 3,Sewing,55,2,False,0.3068586040458317,Watch,0,0
2015-03-10,57,3__1,Team 3,Sewing,56,2,False,0.2357498811925898,Healthy,0,0
2015-03-11,58,3__1,Team 3,Sewing,57,2,False,0.2384327539076788,Healthy,0,0
2015-01-01,0,4__0,Team 4,Finishing,0,0,True,0.4177520986782805,High Risk,1,1
2015-01-03,1,4__0,Team 4,Finishing,1,0,True,0.4752834538497693,High Risk,1,0
2015-01-04,2,4__0,Team 4,Finishing,2,0,True,0.3815719952816621,Watch,0,0
2015-01-05,3,4__0,Team 4,Finishing,3,0,True,0.3978882935210154,Watch,0,0
2015-01-06,4,4__0,Team 4,Finishing,4,0,True,0.3606810036362325,Watch,0,0
2015-01-07,5,4__0,Team 4,Finishing,5,0,True,0.3225879595220055,Watch,0,0
2015-01-08,6,4__0,Team 4,Finishing,6,0,True,0.3221070596208605,Watch,0,0
2015-01-10,7,4__0,Team 4,Finishing,7,0,True,0.3017888956247125,Watch,0,0
2015-01-11,8,4__0,Team 4,Finishing,8,0,False,0.2872049623160707,Healthy,0,0
2015-01-12,9,4__0,Team 4,Finishing,9,0,False,0.0574156448201743,Healthy,0,0
2015-01-13,10,4__0,Team 4,Finishing,10,0,False,0.0714238589172361,Healthy,0,0
2015-01-14,11,4__0,Team 4,Finishing,11,0,False,0.08791634150176,Healthy,0,0
2015-01-15,12,4__0,Team 4,Finishing,12,0,False,0.0435544793907993,Healthy,0,0
2015-01-19,15,4__0,Team 4,Finishing,13,0,False,0.131898300717874,Healthy,0,0
2015-01-21,17,4__0,Team 4,Finishing,14,0,False,0.1803005275879511,Healthy,0,0
2015-01-22,18,4__0,Team 4,Finishing,15,0,False,0.2065807972467561,Healthy,0,0
2015-01-24,19,4__0,Team 4,Finishing,16,0,False,0.2345674266324486,Healthy,0,0
2015-01-25,20,4__0,Team 4,Finishing,17,0,False,0.24345660314417,Healthy,0,0
2015-01-26,21,4__0,Team 4,Finishing,18,0,False,0.2321839961057131,Healthy,0,0
2015-01-27,22,4__0,Team 4,Finishing,19,0,False,0.2554794255918013,Healthy,0,0
2015-01-28,23,4__0,Team 4,Finishing,20,0,False,0.2474736613752795,Healthy,0,0
2015-01-29,24,4__0,Team 4,Finishing,21,0,False,0.2221045890433816,Healthy,0,0
2015-01-31,25,4__0,Team 4,Finishing,22,0,False,0.1985321535621704,Healthy,0,0
2015-02-01,26,4__0,Team 4,Finishing,23,0,False,0.1960604719598709,Healthy,0,0
2015-02-02,27,4__0,Team 4,Finishing,24,0,False,0.1982081372304057,Healthy,0,0
2015-02-03,28,4__0,Team 4,Finishing,25,0,False,0.2017398085264237,Healthy,0,1
2015-02-07,31,4__0,Team 4,Finishing,26,0,False,0.2603712343206473,Healthy,0,1
2015-02-10,34,4__0,Team 4,Finishing,27,0,False,0.1432531432202458,Healthy,0,0
2015-02-11,35,4__0,Team 4,Finishing,28,0,False,0.1460219791505266,Healthy,0,0
2015-02-12,36,4__0,Team 4,Finishing,29,0,False,0.1224375048942487,Healthy,0,0
2015-02-14,37,4__0,Team 4,Finishing,30,0,False,0.104040364324322,Healthy,0,0
2015-02-15,38,4__0,Team 4,Finishing,31,0,False,0.1135360482821685,Healthy,0,1
2015-02-16,39,4__0,Team 4,Finishing,32,0,False,0.1491471271692991,Healthy,0,0
2015-02-17,40,4__0,Team 4,Finishing,33,0,False,0.2327983739188688,Healthy,0,0
2015-02-18,41,4__0,Team 4,Finishing,34,1,False,0.2389102605802378,Healthy,0,0
2015-02-19,42,4__0,Team 4,Finishing,35,1,False,0.2467657248783345,Healthy,0,0
2015-03-01,49,4__0,Team 4,Finishing,36,1,False,0.1225746490878066,Healthy,0,0
2015-03-02,50,4__0,Team 4,Finishing,37,2,False,0.1512277153506248,Healthy,0,0
2015-03-03,51,4__0,Team 4,Finishing,38,2,False,0.1874729544478774,Healthy,0,1
2015-03-04,52,4__0,Team 4,Finishing,39,2,False,0.1879009708813121,Healthy,0,0
2015-03-05,53,4__0,Team 4,Finishing,40,2,False,0.189263957973269,Healthy,0,0
2015-03-07,54,4__0,Team 4,Finishing,41,2,False,0.190383093259845,Healthy,0,0
2015-03-08,55,4__0,Team 4,Finishing,42,2,False,0.2373087909813929,Healthy,0,0
2015-03-09,56,4__0,Team 4,Finishing,43,2,False,0.0116881974236289,Healthy,0,0
2015-03-10,57,4__0,Team 4,Finishing,44,2,False,0.2474440382177027,Healthy,0,0
2015-03-11,58,4__0,Team 4,Finishing,45,2,False,0.249559470750969,Healthy,0,0
2015-01-01,0,4__1,Team 4,Sewing,0,0,True,0.4095868595811447,High Risk,1,1
2015-01-03,1,4__1,Team 4,Sewing,1,0,True,0.492098617033931,High Risk,1,0
2015-01-04,2,4__1,Team 4,Sewing,2,0,True,0.4003893902139257,High Risk,1,0
2015-01-05,3,4__1,Team 4,Sewing,3,0,True,0.39389536115657,Watch,0,0
2015-01-06,4,4__1,Team 4,Sewing,4,0,True,0.3771066518531862,Watch,0,0
2015-01-07,5,4__1,Team 4,Sewing,5,0,True,0.3653753707702465,Watch,0,0
2015-01-08,6,4__1,Team 4,Sewing,6,0,True,0.2008532585807982,Healthy,0,0
2015-01-10,7,4__1,Team 4,Sewing,7,0,True,0.2996659131592584,Healthy,0,0
2015-01-11,8,4__1,Team 4,Sewing,8,0,False,0.6461691632999675,High Risk,1,1
2015-01-12,9,4__1,Team 4,Sewing,9,0,False,0.1380424279079929,Healthy,0,0
2015-01-13,10,4__1,Team 4,Sewing,10,0,False,0.2157429095744149,Healthy,0,0
2015-01-14,11,4__1,Team 4,Sewing,11,0,False,0.308693621020809,Watch,0,0
2015-01-15,12,4__1,Team 4,Sewing,12,0,False,0.3774376669320449,Watch,0,0
2015-01-17,13,4__1,Team 4,Sewing,13,0,False,0.3169492916956066,Watch,0,0
2015-01-18,14,4__1,Team 4,Sewing,14,0,False,0.3159113330041346,Watch,0,0
2015-01-19,15,4__1,Team 4,Sewing,15,0,False,0.23047927306774,Healthy,0,0
2015-01-20,16,4__1,Team 4,Sewing,16,0,False,0.2307120633758734,Healthy,0,0
2015-01-21,17,4__1,Team 4,Sewing,17,0,False,0.1079020647277622,Healthy,0,0
2015-01-22,18,4__1,Team 4,Sewing,18,0,False,0.1778966527691778,Healthy,0,0
2015-01-24,19,4__1,Team 4,Sewing,19,0,False,0.1147634922434661,Healthy,0,0
2015-01-25,20,4__1,Team 4,Sewing,20,0,False,0.1087286317394542,Healthy,0,0
2015-01-26,21,4__1,Team 4,Sewing,21,0,False,0.3622951282426492,Watch,0,0
2015-01-27,22,4__1,Team 4,Sewing,22,0,False,0.3474150342743708,Watch,0,0
2015-01-28,23,4__1,Team 4,Sewing,23,0,False,0.4057134843008174,High Risk,1,0
2015-01-29,24,4__1,Team 4,Sewing,24,0,False,0.0955330826424574,Healthy,0,0
2015-01-31,25,4__1,Team 4,Sewing,25,0,False,0.0962914815698626,Healthy,0,0
2015-02-01,26,4__1,Team 4,Sewing,26,0,False,0.2812027857260083,Healthy,0,0
2015-02-02,27,4__1,Team 4,Sewing,27,0,False,0.2351030800310388,Healthy,0,0
2015-02-03,28,4__1,Team 4,Sewing,28,0,False,0.3245412581815525,Watch,0,0
2015-02-04,29,4__1,Team 4,Sewing,29,0,False,0.1371365546555892,Healthy,0,0
2015-02-05,30,4__1,Team 4,Sewing,30,0,False,0.2456704227257874,Healthy,0,0
2015-02-07,31,4__1,Team 4,Sewing,31,0,False,0.3071535698981719,Watch,0,0
2015-02-08,32,4__1,Team 4,Sewing,32,0,False,0.2961316306075614,Healthy,0,0
2015-02-09,33,4__1,Team 4,Sewing,33,0,False,0.3068173560778945,Watch,0,0
2015-02-10,34,4__1,Team 4,Sewing,34,0,False,0.3607590674882399,Watch,0,0
2015-02-11,35,4__1,Team 4,Sewing,35,0,False,0.3671633094984915,Watch,0,0
2015-02-12,36,4__1,Team 4,Sewing,36,0,False,0.5188037536236454,High Risk,1,0
2015-02-14,37,4__1,Team 4,Sewing,37,0,False,0.5734362406011411,High Risk,1,0
2015-02-15,38,4__1,Team 4,Sewing,38,0,False,0.5825900212898663,High Risk,1,1
2015-02-16,39,4__1,Team 4,Sewing,39,0,False,0.5839009630788753,High Risk,1,0
2015-02-17,40,4__1,Team 4,Sewing,40,0,False,0.3966710785162628,Watch,0,0
2015-02-18,41,4__1,Team 4,Sewing,41,1,False,0.3965118856787027,Watch,0,0
2015-02-19,42,4__1,Team 4,Sewing,42,1,False,0.3224898379532336,Watch,0,0
2015-02-22,43,4__1,Team 4,Sewing,43,1,False,0.3277844136718316,Watch,0,0
2015-02-23,44,4__1,Team 4,Sewing,44,1,False,0.4996421138634398,High Risk,1,0
2015-02-24,45,4__1,Team 4,Sewing,45,1,False,0.42173462897671,High Risk,1,0
2015-02-25,46,4__1,Team 4,Sewing,46,1,False,0.4640828700627796,High Risk,1,0
2015-02-26,47,4__1,Team 4,Sewing,47,1,False,0.5226857695627782,High Risk,1,1
2015-02-28,48,4__1,Team 4,Sewing,48,1,False,0.2239273474270882,Healthy,0,0
2015-03-01,49,4__1,Team 4,Sewing,49,1,False,0.3108786741947356,Watch,0,0
2015-03-02,50,4__1,Team 4,Sewing,50,2,False,0.2094459642946234,Healthy,0,0
2015-03-03,51,4__1,Team 4,Sewing,51,2,False,0.2772268030247078,Healthy,0,0
2015-03-04,52,4__1,Team 4,Sewing,52,2,False,0.2136382098655803,Healthy,0,0
2015-03-05,53,4__1,Team 4,Sewing,53,2,False,0.269567613165666,Healthy,0,0
2015-03-07,54,4__1,Team 4,Sewing,54,2,False,0.2079360742015974,Healthy,0,0
2015-03-08,55,4__1,Team 4,Sewing,55,2,False,0.234302155757062,Healthy,0,0
2015-03-09,56,4__1,Team 4,Sewing,56,2,False,0.2315752239591023,Healthy,0,0
2015-03-10,57,4__1,Team 4,Sewing,57,2,False,0.2263884225353882,Healthy,0,0
2015-03-11,58,4__1,Team 4,Sewing,58,2,False,0.3607657533471025,Watch,0,0
2015-01-05,3,5__0,Team 5,Finishing,0,0,True,0.3631371536138882,Watch,0,0
2015-01-07,5,5__0,Team 5,Finishing,1,0,True,0.4642059614453563,High Risk,1,1
2015-01-08,6,5__0,Team 5,Finishing,2,0,True,0.5179723882301931,High Risk,1,0
2015-01-10,7,5__0,Team 5,Finishing,3,0,True,0.3072945993344766,Watch,0,1
2015-01-11,8,5__0,Team 5,Finishing,4,0,True,0.3308983511718423,Watch,0,0
2015-01-12,9,5__0,Team 5,Finishing,5,0,True,0.4582806697193803,High Risk,1,0
2015-01-13,10,5__0,Team 5,Finishing,6,0,True,0.4364129428361716,High Risk,1,0
2015-01-14,11,5__0,Team 5,Finishing,7,0,True,0.3182837832410483,Watch,0,0
2015-01-15,12,5__0,Team 5,Finishing,8,0,False,0.41880910178629,High Risk,1,0
2015-01-17,13,5__0,Team 5,Finishing,9,0,False,0.3056799663700926,Watch,0,0
2015-01-18,14,5__0,Team 5,Finishing,10,0,False,0.3074140696459045,Watch,0,0
2015-01-19,15,5__0,Team 5,Finishing,11,0,False,0.3349862865236085,Watch,0,0
2015-01-20,16,5__0,Team 5,Finishing,12,0,False,0.3472194283691929,Watch,0,0
2015-01-21,17,5__0,Team 5,Finishing,13,0,False,0.268811794743213,Healthy,0,0
2015-01-22,18,5__0,Team 5,Finishing,14,0,False,0.2087893398293497,Healthy,0,0
2015-01-24,19,5__0,Team 5,Finishing,15,0,False,0.2063106403864354,Healthy,0,0
2015-01-25,20,5__0,Team 5,Finishing,16,0,False,0.1787705272136172,Healthy,0,0
2015-01-26,21,5__0,Team 5,Finishing,17,0,False,0.1771022031811008,Healthy,0,0
2015-01-27,22,5__0,Team 5,Finishing,18,0,False,0.0885772622790033,Healthy,0,0
2015-01-31,25,5__0,Team 5,Finishing,19,0,False,0.3457771750431988,Watch,0,0
2015-02-11,35,5__0,Team 5,Finishing,20,0,False,0.3494550186624869,Watch,0,0
2015-02-12,36,5__0,Team 5,Finishing,21,0,False,0.3358483500733888,Watch,0,1
2015-02-15,38,5__0,Team 5,Finishing,22,0,False,0.4087379599194023,High Risk,1,0
2015-02-16,39,5__0,Team 5,Finishing,23,0,False,0.2045369736589712,Healthy,0,1
2015-02-19,42,5__0,Team 5,Finishing,24,1,False,0.256648804499305,Healthy,0,1
2015-02-25,46,5__0,Team 5,Finishing,25,1,False,0.28786526002116,Healthy,0,0
2015-02-26,47,5__0,Team 5,Finishing,26,1,False,0.212304753729241,Healthy,0,0
2015-02-28,48,5__0,Team 5,Finishing,27,1,False,0.2087539288587417,Healthy,0,0
2015-03-03,51,5__0,Team 5,Finishing,28,2,False,0.1899478109655218,Healthy,0,1
2015-03-04,52,5__0,Team 5,Finishing,29,2,False,0.1952831963909214,Healthy,0,1
2015-03-07,54,5__0,Team 5,Finishing,30,2,False,0.0374740623090648,Healthy,0,0
2015-03-08,55,5__0,Team 5,Finishing,31,2,False,0.0966648170366749,Healthy,0,0
2015-03-09,56,5__0,Team 5,Finishing,32,2,False,0.0018983642132845,Healthy,0,0
2015-03-10,57,5__0,Team 5,Finishing,33,2,False,0.1187097358873932,Healthy,0,0
2015-03-11,58,5__0,Team 5,Finishing,34,2,False,0.1691519102583975,Healthy,0,0
2015-01-01,0,5__1,Team 5,Sewing,0,0,True,0.3865780641773589,Watch,0,0
2015-01-03,1,5__1,Team 5,Sewing,1,0,True,0.4036997313098056,High Risk,1,0
2015-01-04,2,5__1,Team 5,Sewing,2,0,True,0.4538035971701528,High Risk,1,0
2015-01-05,3,5__1,Team 5,Sewing,3,0,True,0.3058841362527427,Watch,0,0
2015-01-06,4,5__1,Team 5,Sewing,4,0,True,0.3171278670687041,Watch,0,0
2015-01-07,5,5__1,Team 5,Sewing,5,0,True,0.3768225672791794,Watch,0,0
2015-01-08,6,5__1,Team 5,Sewing,6,0,True,0.5624462748171786,High Risk,1,1
2015-01-10,7,5__1,Team 5,Sewing,7,0,True,0.3152034661745722,Watch,0,1
2015-01-11,8,5__1,Team 5,Sewing,8,0,False,0.4354861196002395,High Risk,1,1
2015-01-12,9,5__1,Team 5,Sewing,9,0,False,0.4976835869681499,High Risk,1,0
2015-01-13,10,5__1,Team 5,Sewing,10,0,False,0.5474881349854976,High Risk,1,1
2015-01-14,11,5__1,Team 5,Sewing,11,0,False,0.5470124916171741,High Risk,1,0
2015-01-15,12,5__1,Team 5,Sewing,12,0,False,0.5613119494480006,High Risk,1,0
2015-01-17,13,5__1,Team 5,Sewing,13,0,False,0.5488411438748375,High Risk,1,1
2015-01-18,14,5__1,Team 5,Sewing,14,0,False,0.3427536548881016,Watch,0,0
2015-01-19,15,5__1,Team 5,Sewing,15,0,False,0.3679561177264195,Watch,0,0
2015-01-20,16,5__1,Team 5,Sewing,16,0,False,0.3428220637631636,Watch,0,0
2015-01-21,17,5__1,Team 5,Sewing,17,0,False,0.3404677919938751,Watch,0,0
2015-01-22,18,5__1,Team 5,Sewing,18,0,False,0.4040631554385671,High Risk,1,0
2015-01-24,19,5__1,Team 5,Sewing,19,0,False,0.346850294068522,Watch,0,0
2015-01-25,20,5__1,Team 5,Sewing,20,0,False,0.3520885974266287,Watch,0,0
2015-01-26,21,5__1,Team 5,Sewing,21,0,False,0.3691019951456636,Watch,0,0
2015-01-27,22,5__1,Team 5,Sewing,22,0,False,0.2415215953216234,Healthy,0,0
2015-01-28,23,5__1,Team 5,Sewing,23,0,False,0.0750859025432946,Healthy,0,0
2015-01-29,24,5__1,Team 5,Sewing,24,0,False,0.0884986725225464,Healthy,0,0
2015-01-31,25,5__1,Team 5,Sewing,25,0,False,0.3966826813035579,Watch,0,0
2015-02-02,27,5__1,Team 5,Sewing,26,0,False,0.3510886970994287,Watch,0,0
2015-02-03,28,5__1,Team 5,Sewing,27,0,False,0.460643751699717,High Risk,1,1
2015-02-04,29,5__1,Team 5,Sewing,28,0,False,0.519622377503304,High Risk,1,0
2015-02-05,30,5__1,Team 5,Sewing,29,0,False,0.5728889223922541,High Risk,1,1
2015-02-07,31,5__1,Team 5,Sewing,30,0,False,0.5708822385971621,High Risk,1,1
2015-02-08,32,5__1,Team 5,Sewing,31,0,False,0.5841114076064008,High Risk,1,0
2015-02-09,33,5__1,Team 5,Sewing,32,0,False,0.4439125971436727,High Risk,1,0
2015-02-10,34,5__1,Team 5,Sewing,33,0,False,0.4677556823543768,High Risk,1,0
2015-02-11,35,5__1,Team 5,Sewing,34,0,False,0.3909173892831422,Watch,0,0
2015-02-12,36,5__1,Team 5,Sewing,35,0,False,0.4001210448431554,High Risk,1,0
2015-02-14,37,5__1,Team 5,Sewing,36,0,False,0.3942237604973111,Watch,0,0
2015-02-15,38,5__1,Team 5,Sewing,37,0,False,0.6989806843802371,High Risk,1,0
2015-02-16,39,5__1,Team 5,Sewing,38,0,False,0.609412435750129,High Risk,1,0
2015-02-17,40,5__1,Team 5,Sewing,39,0,False,0.68334147196053,High Risk,1,1
2015-02-18,41,5__1,Team 5,Sewing,40,1,False,0.5922815040170513,High Risk,1,0
2015-02-19,42,5__1,Team 5,Sewing,41,1,False,0.411741472302724,High Risk,1,0
2015-02-22,43,5__1,Team 5,Sewing,42,1,False,0.6772053580562059,High Risk,1,1
2015-02-23,44,5__1,Team 5,Sewing,43,1,False,0.5886106930201422,High Risk,1,0
2015-02-24,45,5__1,Team 5,Sewing,44,1,False,0.519964393663161,High Risk,1,0
2015-02-25,46,5__1,Team 5,Sewing,45,1,False,0.6215365310728358,High Risk,1,1
2015-02-26,47,5__1,Team 5,Sewing,46,1,False,0.1189536514469564,Healthy,0,0
2015-02-28,48,5__1,Team 5,Sewing,47,1,False,0.2529078622075568,Healthy,0,0
2015-03-01,49,5__1,Team 5,Sewing,48,1,False,0.303751442395034,Watch,0,0
2015-03-02,50,5__1,Team 5,Sewing,49,2,False,0.3692729435875955,Watch,0,0
2015-03-03,51,5__1,Team 5,Sewing,50,2,False,0.4338618853171166,High Risk,1,0
2015-03-04,52,5__1,Team 5,Sewing,51,2,False,0.3882145538271754,Watch,0,0
2015-03-05,53,5__1,Team 5,Sewing,52,2,False,0.424829772758143,High Risk,1,0
2015-03-07,54,5__1,Team 5,Sewing,53,2,False,0.4308442176337302,High Risk,1,1
2015-03-08,55,5__1,Team 5,Sewing,54,2,False,0.2386969663734338,Healthy,0,0
2015-03-09,56,5__1,Team 5,Sewing,55,2,False,0.3294031371173148,Watch,0,0
2015-03-10,57,5__1,Team 5,Sewing,56,2,False,0.3668795291114581,Watch,0,0
2015-03-11,58,5__1,Team 5,Sewing,57,2,False,0.4081552502420232,High Risk,1,0
2015-01-07,5,6__0,Team 6,Finishing,0,0,True,0.6844878841625028,High Risk,1,1
2015-01-11,8,6__0,Team 6,Finishing,1,0,True,0.7065181438442356,High Risk,1,1
2015-01-12,9,6__0,Team 6,Finishing,2,0,True,0.6949689273152608,High Risk,1,0
2015-01-17,13,6__0,Team 6,Finishing,3,0,True,0.7383918538321658,High Risk,1,1
2015-01-18,14,6__0,Team 6,Finishing,4,0,True,0.6379434591924378,High Risk,1,0
2015-01-22,18,6__0,Team 6,Finishing,5,0,True,0.6650884356471426,High Risk,1,1
2015-01-27,22,6__0,Team 6,Finishing,6,0,True,0.6445091397034759,High Risk,1,1
2015-01-28,23,6__0,Team 6,Finishing,7,0,True,0.1402497603907381,Healthy,0,0
2015-01-29,24,6__0,Team 6,Finishing,8,0,False,0.1944910910605339,Healthy,0,0
2015-01-31,25,6__0,Team 6,Finishing,9,0,False,0.2737152327721327,Healthy,0,0
2015-02-01,26,6__0,Team 6,Finishing,10,0,False,0.2360808608595755,Healthy,0,1
2015-02-02,27,6__0,Team 6,Finishing,11,0,False,0.2607216635062246,Healthy,0,1
2015-02-03,28,6__0,Team 6,Finishing,12,0,False,0.4142560897436641,High Risk,1,1
2015-02-04,29,6__0,Team 6,Finishing,13,0,False,0.4251281064796114,High Risk,1,1
2015-02-05,30,6__0,Team 6,Finishing,14,0,False,0.4327906179759221,High Risk,1,0
2015-02-07,31,6__0,Team 6,Finishing,15,0,False,0.4535746039958545,High Risk,1,0
2015-02-08,32,6__0,Team 6,Finishing,16,0,False,0.4519894806581265,High Risk,1,1
2015-02-09,33,6__0,Team 6,Finishing,17,0,False,0.4556854311874716,High Risk,1,0
2015-02-10,34,6__0,Team 6,Finishing,18,0,False,0.4383858195248784,High Risk,1,1
2015-02-14,37,6__0,Team 6,Finishing,19,0,False,0.4969813463241802,High Risk,1,1
2015-02-15,38,6__0,Team 6,Finishing,20,0,False,0.5278536818311618,High Risk,1,1
2015-02-16,39,6__0,Team 6,Finishing,21,0,False,0.5306074109353561,High Risk,1,0
2015-02-17,40,6__0,Team 6,Finishing,22,0,False,0.5242114419810823,High Risk,1,0
2015-02-18,41,6__0,Team 6,Finishing,23,1,False,0.4509617388097667,High Risk,1,0
2015-02-19,42,6__0,Team 6,Finishing,24,1,False,0.3717984963126598,Watch,0,0
2015-02-22,43,6__0,Team 6,Finishing,25,1,False,0.5122601212104674,High Risk,1,0
2015-02-23,44,6__0,Team 6,Finishing,26,1,False,0.5034492391474273,High Risk,1,1
2015-02-24,45,6__0,Team 6,Finishing,27,1,False,0.3553712780867949,Watch,0,0
2015-02-25,46,6__0,Team 6,Finishing,28,1,False,0.4605520904163859,High Risk,1,1
2015-02-26,47,6__0,Team 6,Finishing,29,1,False,0.4814451566661332,High Risk,1,1
2015-02-28,48,6__0,Team 6,Finishing,30,1,False,0.4960178957373078,High Risk,1,1
2015-03-03,51,6__0,Team 6,Finishing,31,2,False,0.4649249908518286,High Risk,1,1
2015-03-07,54,6__0,Team 6,Finishing,32,2,False,0.2330571929358694,Healthy,0,0
2015-03-08,55,6__0,Team 6,Finishing,33,2,False,0.3233011177951743,Watch,0,1
2015-03-11,58,6__0,Team 6,Finishing,34,2,False,0.4835732324796472,High Risk,1,1
2015-01-01,0,6__1,Team 6,Sewing,0,0,True,0.3345004427830469,Watch,0,0
2015-01-03,1,6__1,Team 6,Sewing,1,0,True,0.3399626577805178,Watch,0,0
2015-01-04,2,6__1,Team 6,Sewing,2,0,True,0.360102232575897,Watch,0,0
2015-01-05,3,6__1,Team 6,Sewing,3,0,True,0.3081234544526233,Watch,0,0
2015-01-06,4,6__1,Team 6,Sewing,4,0,True,0.3591967438534661,Watch,0,0
2015-01-07,5,6__1,Team 6,Sewing,5,0,True,0.279360114399157,Healthy,0,0
2015-01-08,6,6__1,Team 6,Sewing,6,0,True,0.3634411104771671,Watch,0,0
2015-01-10,7,6__1,Team 6,Sewing,7,0,True,0.2942038298220502,Healthy,0,0
2015-01-11,8,6__1,Team 6,Sewing,8,0,False,0.2945026454670748,Healthy,0,0
2015-01-12,9,6__1,Team 6,Sewing,9,0,False,0.2957829901333212,Healthy,0,0
2015-01-13,10,6__1,Team 6,Sewing,10,0,False,0.2856435317107288,Healthy,0,0
2015-01-14,11,6__1,Team 6,Sewing,11,0,False,0.3620473514570427,Watch,0,0
2015-01-15,12,6__1,Team 6,Sewing,12,0,False,0.3707593869678635,Watch,0,0
2015-01-17,13,6__1,Team 6,Sewing,13,0,False,0.2070198066860349,Healthy,0,0
2015-01-18,14,6__1,Team 6,Sewing,14,0,False,0.2076128595489162,Healthy,0,0
2015-01-19,15,6__1,Team 6,Sewing,15,0,False,0.3053848012358786,Watch,0,0
2015-01-20,16,6__1,Team 6,Sewing,16,0,False,0.2156517736385442,Healthy,0,0
2015-01-21,17,6__1,Team 6,Sewing,17,0,False,0.0998088510418477,Healthy,0,0
2015-01-22,18,6__1,Team 6,Sewing,18,0,False,0.2416494928577516,Healthy,0,0
2015-01-24,19,6__1,Team 6,Sewing,19,0,False,0.2395296104303185,Healthy,0,0
2015-01-25,20,6__1,Team 6,Sewing,20,0,False,0.2320055844276628,Healthy,0,0
2015-01-26,21,6__1,Team 6,Sewing,21,0,False,0.335777448098961,Watch,0,0
2015-01-27,22,6__1,Team 6,Sewing,22,0,False,0.6202363766859676,High Risk,1,1
2015-01-28,23,6__1,Team 6,Sewing,23,0,False,0.1346636163430837,Healthy,0,0
2015-01-29,24,6__1,Team 6,Sewing,24,0,False,0.1866864513711459,Healthy,0,0
2015-01-31,25,6__1,Team 6,Sewing,25,0,False,0.2731763207691114,Healthy,0,0
2015-02-01,26,6__1,Team 6,Sewing,26,0,False,0.3361751991275984,Watch,0,0
2015-02-02,27,6__1,Team 6,Sewing,27,0,False,0.2888667582096539,Healthy,0,0
2015-02-03,28,6__1,Team 6,Sewing,28,0,False,0.3683931071905509,Watch,0,0
2015-02-04,29,6__1,Team 6,Sewing,29,0,False,0.3653711203847812,Watch,0,0
2015-02-05,30,6__1,Team 6,Sewing,30,0,False,0.3773117317938844,Watch,0,0
2015-02-07,31,6__1,Team 6,Sewing,31,0,False,0.402995396602764,High Risk,1,0
2015-02-08,32,6__1,Team 6,Sewing,32,0,False,0.4373320089465795,High Risk,1,0
2015-02-09,33,6__1,Team 6,Sewing,33,0,False,0.6053441674719314,High Risk,1,1
2015-02-10,34,6__1,Team 6,Sewing,34,0,False,0.6007360610539045,High Risk,1,0
2015-02-11,35,6__1,Team 6,Sewing,35,0,False,0.4612744710740839,High Risk,1,0
2015-02-12,36,6__1,Team 6,Sewing,36,0,False,0.6455840179389809,High Risk,1,0
2015-02-14,37,6__1,Team 6,Sewing,37,0,False,0.6352674404990833,High Risk,1,1
2015-02-15,38,6__1,Team 6,Sewing,38,0,False,0.5998101915018527,High Risk,1,0
2015-02-16,39,6__1,Team 6,Sewing,39,0,False,0.5929864908087082,High Risk,1,0
2015-02-17,40,6__1,Team 6,Sewing,40,0,False,0.589299312340899,High Risk,1,0
2015-02-18,41,6__1,Team 6,Sewing,41,1,False,0.4132617001918152,High Risk,1,0
2015-02-19,42,6__1,Team 6,Sewing,42,1,False,0.2628457000523279,Healthy,0,0
2015-02-22,43,6__1,Team 6,Sewing,43,1,False,0.3379359302459616,Watch,0,0
2015-02-23,44,6__1,Team 6,Sewing,44,1,False,0.3345954118579806,Watch,0,0
2015-02-24,45,6__1,Team 6,Sewing,45,1,False,0.3465924656574621,Watch,0,0
2015-02-25,46,6__1,Team 6,Sewing,46,1,False,0.3192905523931114,Watch,0,0
2015-02-26,47,6__1,Team 6,Sewing,47,1,False,0.3479542020244105,Watch,0,0
2015-02-28,48,6__1,Team 6,Sewing,48,1,False,0.3397499973866303,Watch,0,0
2015-03-01,49,6__1,Team 6,Sewing,49,1,False,0.2833293882840506,Healthy,0,0
2015-03-02,50,6__1,Team 6,Sewing,50,2,False,0.3574044391661429,Watch,0,0
2015-03-03,51,6__1,Team 6,Sewing,51,2,False,0.3671296280398705,Watch,0,0
2015-03-04,52,6__1,Team 6,Sewing,52,2,False,0.6387996559743817,High Risk,1,1
2015-03-05,53,6__1,Team 6,Sewing,53,2,False,0.1208298371559098,Healthy,0,1
2015-03-07,54,6__1,Team 6,Sewing,54,2,False,0.256788742121237,Healthy,0,0
2015-03-08,55,6__1,Team 6,Sewing,55,2,False,0.2576942630409384,Healthy,0,0
2015-03-09,56,6__1,Team 6,Sewing,56,2,False,0.2546621517650974,Healthy,0,0
2015-03-10,57,6__1,Team 6,Sewing,57,2,False,0.3348320965464698,Watch,0,0
2015-03-11,58,6__1,Team 6,Sewing,58,2,False,0.2872648917081634,Healthy,0,0
2015-01-01,0,7__0,Team 7,Finishing,0,0,True,0.6649042561607019,High Risk,1,1
2015-01-03,1,7__0,Team 7,Finishing,1,0,True,0.6931307267443683,High Risk,1,1
2015-01-04,2,7__0,Team 7,Finishing,2,0,True,0.6516314819538741,High Risk,1,1
2015-01-05,3,7__0,Team 7,Finishing,3,0,True,0.664911424659144,High Risk,1,1
2015-01-06,4,7__0,Team 7,Finishing,4,0,True,0.6244977110206155,High Risk,1,1
2015-01-07,5,7__0,Team 7,Finishing,5,0,True,0.6210157565646879,High Risk,1,0
2015-01-08,6,7__0,Team 7,Finishing,6,0,True,0.6060423593665427,High Risk,1,0
2015-01-10,7,7__0,Team 7,Finishing,7,0,True,0.5978002302653187,High Risk,1,1
2015-01-11,8,7__0,Team 7,Finishing,8,0,False,0.5918128791587692,High Risk,1,1
2015-01-12,9,7__0,Team 7,Finishing,9,0,False,0.5936736398455823,High Risk,1,1
2015-01-13,10,7__0,Team 7,Finishing,10,0,False,0.5905684241459651,High Risk,1,1
2015-01-14,11,7__0,Team 7,Finishing,11,0,False,0.5860377054307236,High Risk,1,0
2015-01-15,12,7__0,Team 7,Finishing,12,0,False,0.5868784476721931,High Risk,1,0
2015-01-17,13,7__0,Team 7,Finishing,13,0,False,0.5815507183709608,High Risk,1,1
2015-01-18,14,7__0,Team 7,Finishing,14,0,False,0.5787076317531884,High Risk,1,0
2015-01-22,18,7__0,Team 7,Finishing,15,0,False,0.3752666673051696,Watch,0,0
2015-01-24,19,7__0,Team 7,Finishing,16,0,False,0.3477007818548034,Watch,0,0
2015-01-25,20,7__0,Team 7,Finishing,17,0,False,0.3084626490432303,Watch,0,0
2015-01-26,21,7__0,Team 7,Finishing,18,0,False,0.3966129443964156,Watch,0,0
2015-01-27,22,7__0,Team 7,Finishing,19,0,False,0.2573852025195319,Healthy,0,0
2015-01-28,23,7__0,Team 7,Finishing,20,0,False,0.333288786470042,Watch,0,1
2015-01-31,25,7__0,Team 7,Finishing,21,0,False,0.3302873145828966,Watch,0,0
2015-02-01,26,7__0,Team 7,Finishing,22,0,False,0.2470140836979576,Healthy,0,0
2015-02-04,29,7__0,Team 7,Finishing,23,0,False,0.3629893417537025,Watch,0,0
2015-02-05,30,7__0,Team 7,Finishing,24,0,False,0.3223033760483678,Watch,0,0
2015-02-07,31,7__0,Team 7,Finishing,25,0,False,0.3154135663620849,Watch,0,0
2015-02-08,32,7__0,Team 7,Finishing,26,0,False,0.3035719400733416,Watch,0,0
2015-02-14,37,7__0,Team 7,Finishing,27,0,False,0.2575946906293064,Healthy,0,0
2015-02-16,39,7__0,Team 7,Finishing,28,0,False,0.2643364494130499,Healthy,0,1
2015-02-17,40,7__0,Team 7,Finishing,29,0,False,0.3665344409182876,Watch,0,0
2015-02-18,41,7__0,Team 7,Finishing,30,1,False,0.3902542922039582,Watch,0,0
2015-02-22,43,7__0,Team 7,Finishing,31,1,False,0.4021715190808465,High Risk,1,1
2015-02-23,44,7__0,Team 7,Finishing,32,1,False,0.4169303801230177,High Risk,1,1
2015-02-25,46,7__0,Team 7,Finishing,33,1,False,0.4714158122829606,High Risk,1,0
2015-03-01,49,7__0,Team 7,Finishing,34,1,False,0.4936559748568512,High Risk,1,1
2015-03-02,50,7__0,Team 7,Finishing,35,2,False,0.5056645881326816,High Risk,1,1
2015-03-03,51,7__0,Team 7,Finishing,36,2,False,0.4768268010320728,High Risk,1,0
2015-03-04,52,7__0,Team 7,Finishing,37,2,False,0.309898439579601,Watch,0,0
2015-03-07,54,7__0,Team 7,Finishing,38,2,False,0.2762685782111873,Healthy,0,0
2015-03-10,57,7__0,Team 7,Finishing,39,2,False,0.1777782673280141,Healthy,0,0
2015-03-11,58,7__0,Team 7,Finishing,40,2,False,0.3028671932744323,Watch,0,0
2015-01-01,0,7__1,Team 7,Sewing,0,0,True,0.434546998626568,High Risk,1,0
2015-01-03,1,7__1,Team 7,Sewing,1,0,True,0.4035310199702389,High Risk,1,0
2015-01-04,2,7__1,Team 7,Sewing,2,0,True,0.2431388317981946,Healthy,0,0
2015-01-05,3,7__1,Team 7,Sewing,3,0,True,0.3042323055275724,Watch,0,0
2015-01-06,4,7__1,Team 7,Sewing,4,0,True,0.3915250197486594,Watch,0,0
2015-01-07,5,7__1,Team 7,Sewing,5,0,True,0.3058705027982861,Watch,0,0
2015-01-08,6,7__1,Team 7,Sewing,6,0,True,0.2479670163937692,Healthy,0,0
2015-01-10,7,7__1,Team 7,Sewing,7,0,True,0.2480508429945582,Healthy,0,0
2015-01-11,8,7__1,Team 7,Sewing,8,0,False,0.3454897010271127,Watch,0,0
2015-01-12,9,7__1,Team 7,Sewing,9,0,False,0.2322005699486597,Healthy,0,0
2015-01-13,10,7__1,Team 7,Sewing,10,0,False,0.2264628527986357,Healthy,0,0
2015-01-14,11,7__1,Team 7,Sewing,11,0,False,0.1602037056952894,Healthy,0,0
2015-01-15,12,7__1,Team 7,Sewing,12,0,False,0.2330359362430504,Healthy,0,0
2015-01-17,13,7__1,Team 7,Sewing,13,0,False,0.2965532813015227,Healthy,0,0
2015-01-18,14,7__1,Team 7,Sewing,14,0,False,0.402585467798877,High Risk,1,0
2015-01-19,15,7__1,Team 7,Sewing,15,0,False,0.4942963719151891,High Risk,1,1
2015-01-20,16,7__1,Team 7,Sewing,16,0,False,0.0609169512701525,Healthy,0,0
2015-01-21,17,7__1,Team 7,Sewing,17,0,False,0.1702229185379641,Healthy,0,0
2015-01-22,18,7__1,Team 7,Sewing,18,0,False,0.2666928114796665,Healthy,0,0
2015-01-24,19,7__1,Team 7,Sewing,19,0,False,0.3175235344179523,Watch,0,0
2015-01-25,20,7__1,Team 7,Sewing,20,0,False,0.3592578138689632,Watch,0,0
2015-01-28,23,7__1,Team 7,Sewing,21,0,False,0.4355785347856879,High Risk,1,1
2015-01-29,24,7__1,Team 7,Sewing,22,0,False,0.4270590587621996,High Risk,1,1
2015-01-31,25,7__1,Team 7,Sewing,23,0,False,0.4852244340556254,High Risk,1,1
2015-02-01,26,7__1,Team 7,Sewing,24,0,False,0.536201195803342,High Risk,1,1
2015-02-02,27,7__1,Team 7,Sewing,25,0,False,0.5371815610569556,High Risk,1,1
2015-02-03,28,7__1,Team 7,Sewing,26,0,False,0.5611999175102519,High Risk,1,1
2015-02-04,29,7__1,Team 7,Sewing,27,0,False,0.5602276558141529,High Risk,1,0
2015-02-05,30,7__1,Team 7,Sewing,28,0,False,0.0072810603568898,Healthy,0,0
2015-02-07,31,7__1,Team 7,Sewing,29,0,False,0.5629920505010633,High Risk,1,0
2015-02-08,32,7__1,Team 7,Sewing,30,0,False,0.5881501519534688,High Risk,1,1
2015-02-09,33,7__1,Team 7,Sewing,31,0,False,0.2054535084687555,Healthy,0,0
2015-02-10,34,7__1,Team 7,Sewing,32,0,False,0.2272937540901261,Healthy,0,0
2015-02-11,35,7__1,Team 7,Sewing,33,0,False,0.3282682674151058,Watch,0,0
2015-02-12,36,7__1,Team 7,Sewing,34,0,False,0.535454048338306,High Risk,1,1
2015-02-14,37,7__1,Team 7,Sewing,35,0,False,0.5889896338257454,High Risk,1,0
2015-02-15,38,7__1,Team 7,Sewing,36,0,False,0.6105380642291881,High Risk,1,0
2015-02-16,39,7__1,Team 7,Sewing,37,0,False,0.3897538718046975,Watch,0,0
2015-02-17,40,7__1,Team 7,Sewing,38,0,False,0.4078871496297542,High Risk,1,0
2015-02-18,41,7__1,Team 7,Sewing,39,1,False,0.3810115805174411,Watch,0,0
2015-02-19,42,7__1,Team 7,Sewing,40,1,False,0.5790886154971037,High Risk,1,1
2015-02-22,43,7__1,Team 7,Sewing,41,1,False,0.6702718025591489,High Risk,1,1
2015-02-23,44,7__1,Team 7,Sewing,42,1,False,0.3931488078729253,Watch,0,0
2015-02-24,45,7__1,Team 7,Sewing,43,1,False,0.3854110883718425,Watch,0,0
2015-02-25,46,7__1,Team 7,Sewing,44,1,False,0.3838616777196392,Watch,0,0
2015-02-26,47,7__1,Team 7,Sewing,45,1,False,0.4039708065453072,High Risk,1,0
2015-02-28,48,7__1,Team 7,Sewing,46,1,False,0.4757231612203898,High Risk,1,0
2015-03-01,49,7__1,Team 7,Sewing,47,1,False,0.6923489275930669,High Risk,1,1
2015-03-02,50,7__1,Team 7,Sewing,48,2,False,0.6941380302563251,High Risk,1,0
2015-03-03,51,7__1,Team 7,Sewing,49,2,False,0.5398814377695864,High Risk,1,0
2015-03-04,52,7__1,Team 7,Sewing,50,2,False,0.3443285729130749,Watch,0,0
2015-03-05,53,7__1,Team 7,Sewing,51,2,False,0.6608593342606448,High Risk,1,1
2015-03-09,56,7__1,Team 7,Sewing,52,2,False,0.3433574608338607,Watch,0,0
2015-03-10,57,7__1,Team 7,Sewing,53,2,False,0.2864399129191285,Healthy,0,0
2015-03-11,58,7__1,Team 7,Sewing,54,2,False,0.3346749953050431,Watch,0,0
2015-01-01,0,8__0,Team 8,Finishing,0,0,True,0.5824907880003434,High Risk,1,0
2015-01-03,1,8__0,Team 8,Finishing,1,0,True,0.6159000650024491,High Risk,1,1
2015-01-04,2,8__0,Team 8,Finishing,2,0,True,0.6103683742845396,High Risk,1,0
2015-01-05,3,8__0,Team 8,Finishing,3,0,True,0.5992280491860428,High Risk,1,1
2015-01-06,4,8__0,Team 8,Finishing,4,0,True,0.5954576083754702,High Risk,1,0
2015-01-07,5,8__0,Team 8,Finishing,5,0,True,0.5875065161683878,High Risk,1,0
2015-01-08,6,8__0,Team 8,Finishing,6,0,True,0.5918524147970514,High Risk,1,0
2015-01-10,7,8__0,Team 8,Finishing,7,0,True,0.5798852199774043,High Risk,1,1
2015-01-11,8,8__0,Team 8,Finishing,8,0,False,0.578880235277018,High Risk,1,1
2015-01-12,9,8__0,Team 8,Finishing,9,0,False,0.5760888194587979,High Risk,1,0
2015-01-13,10,8__0,Team 8,Finishing,10,0,False,0.567996722364973,High Risk,1,0
2015-01-14,11,8__0,Team 8,Finishing,11,0,False,0.5641365234664112,High Risk,1,1
2015-01-15,12,8__0,Team 8,Finishing,12,0,False,0.5811791537546078,High Risk,1,1
2015-01-17,13,8__0,Team 8,Finishing,13,0,False,0.5816837163123777,High Risk,1,1
2015-01-18,14,8__0,Team 8,Finishing,14,0,False,0.5780540085224197,High Risk,1,1
2015-01-19,15,8__0,Team 8,Finishing,15,0,False,0.5768230135310931,High Risk,1,0
2015-01-20,16,8__0,Team 8,Finishing,16,0,False,0.5732270300410005,High Risk,1,1
2015-01-21,17,8__0,Team 8,Finishing,17,0,False,0.5765968635507634,High Risk,1,1
2015-01-22,18,8__0,Team 8,Finishing,18,0,False,0.5944150347300107,High Risk,1,1
2015-01-24,19,8__0,Team 8,Finishing,19,0,False,0.574691914486539,High Risk,1,0
2015-01-25,20,8__0,Team 8,Finishing,20,0,False,0.6812719834542965,High Risk,1,1
2015-01-27,22,8__0,Team 8,Finishing,21,0,False,0.455950034049668,High Risk,1,0
2015-01-28,23,8__0,Team 8,Finishing,22,0,False,0.4472107795692941,High Risk,1,0
2015-01-29,24,8__0,Team 8,Finishing,23,0,False,0.3759788370963777,Watch,0,0
2015-01-31,25,8__0,Team 8,Finishing,24,0,False,0.3592170699340196,Watch,0,0
2015-02-01,26,8__0,Team 8,Finishing,25,0,False,0.3691316552090623,Watch,0,0
2015-02-02,27,8__0,Team 8,Finishing,26,0,False,0.3092158480307304,Watch,0,0
2015-02-03,28,8__0,Team 8,Finishing,27,0,False,0.3594208762074543,Watch,0,0
2015-02-04,29,8__0,Team 8,Finishing,28,0,False,0.191666125467295,Healthy,0,0
2015-02-08,32,8__0,Team 8,Finishing,29,0,False,0.2544647982049035,Healthy,0,0
2015-02-09,33,8__0,Team 8,Finishing,30,0,False,0.0604483360468551,Healthy,0,0
2015-02-10,34,8__0,Team 8,Finishing,31,0,False,0.0985171982367039,Healthy,0,0
2015-02-11,35,8__0,Team 8,Finishing,32,0,False,0.0732644256875442,Healthy,0,0
2015-02-12,36,8__0,Team 8,Finishing,33,0,False,0.0632100139076866,Healthy,0,0
2015-02-14,37,8__0,Team 8,Finishing,34,0,False,0.3168016562407367,Watch,0,0
2015-02-15,38,8__0,Team 8,Finishing,35,0,False,0.3355363607645534,Watch,0,0
2015-02-18,41,8__0,Team 8,Finishing,36,1,False,0.3577529229434399,Watch,0,1
2015-02-19,42,8__0,Team 8,Finishing,37,1,False,0.3674055786995173,Watch,0,0
2015-02-23,44,8__0,Team 8,Finishing,38,1,False,0.3732307850953179,Watch,0,0
2015-02-24,45,8__0,Team 8,Finishing,39,1,False,0.3518863747574654,Watch,0,0
2015-02-25,46,8__0,Team 8,Finishing,40,1,False,0.3491999523249086,Watch,0,0
2015-02-26,47,8__0,Team 8,Finishing,41,1,False,0.4100825132991983,High Risk,1,1
2015-02-28,48,8__0,Team 8,Finishing,42,1,False,0.4191748000266023,High Risk,1,1
2015-03-01,49,8__0,Team 8,Finishing,43,1,False,0.3860817285179736,Watch,0,0
2015-03-02,50,8__0,Team 8,Finishing,44,2,False,0.3829465101680727,Watch,0,0
2015-03-03,51,8__0,Team 8,Finishing,45,2,False,0.3814414795848008,Watch,0,0
2015-03-04,52,8__0,Team 8,Finishing,46,2,False,0.4236618881844999,High Risk,1,0
2015-03-05,53,8__0,Team 8,Finishing,47,2,False,0.2654676564073031,Healthy,0,0
2015-03-07,54,8__0,Team 8,Finishing,48,2,False,0.3100491262072289,Watch,0,1
2015-03-08,55,8__0,Team 8,Finishing,49,2,False,0.2260867040309934,Healthy,0,1
2015-03-09,56,8__0,Team 8,Finishing,50,2,False,0.0035066795821621,Healthy,0,1
2015-03-10,57,8__0,Team 8,Finishing,51,2,False,0.2936378247765903,Healthy,0,0
2015-03-11,58,8__0,Team 8,Finishing,52,2,False,0.3415670801735617,Watch,0,0
2015-01-01,0,8__1,Team 8,Sewing,0,0,True,0.0947635447006038,Healthy,0,0
2015-01-03,1,8__1,Team 8,Sewing,1,0,True,0.3531801127268201,Watch,0,0
2015-01-04,2,8__1,Team 8,Sewing,2,0,True,0.389145576867055,Watch,0,0
2015-01-05,3,8__1,Team 8,Sewing,3,0,True,0.4050921016066293,High Risk,1,0
2015-01-06,4,8__1,Team 8,Sewing,4,0,True,0.395123994456383,Watch,0,0
2015-01-07,5,8__1,Team 8,Sewing,5,0,True,0.2418274167596785,Healthy,0,0
2015-01-08,6,8__1,Team 8,Sewing,6,0,True,0.2530869947591337,Healthy,0,0
2015-01-10,7,8__1,Team 8,Sewing,7,0,True,0.2441107283307627,Healthy,0,0
2015-01-11,8,8__1,Team 8,Sewing,8,0,False,0.2394611327201835,Healthy,0,0
2015-01-12,9,8__1,Team 8,Sewing,9,0,False,0.2363525156674559,Healthy,0,0
2015-01-13,10,8__1,Team 8,Sewing,10,0,False,0.2346192597277351,Healthy,0,0
2015-01-14,11,8__1,Team 8,Sewing,11,0,False,0.2332405213445036,Healthy,0,0
2015-01-15,12,8__1,Team 8,Sewing,12,0,False,0.2499926786826679,Healthy,0,0
2015-01-17,13,8__1,Team 8,Sewing,13,0,False,0.3146521505748767,Watch,0,0
2015-01-18,14,8__1,Team 8,Sewing,14,0,False,0.3906065836940928,Watch,0,0
2015-01-19,15,8__1,Team 8,Sewing,15,0,False,0.2975374185802918,Healthy,0,0
2015-01-20,16,8__1,Team 8,Sewing,16,0,False,0.3047870346013858,Watch,0,0
2015-01-21,17,8__1,Team 8,Sewing,17,0,False,0.4231920081239697,High Risk,1,0
2015-01-22,18,8__1,Team 8,Sewing,18,0,False,0.4985466394085324,High Risk,1,1
2015-01-24,19,8__1,Team 8,Sewing,19,0,False,0.0698250509351529,Healthy,0,0
2015-01-25,20,8__1,Team 8,Sewing,20,0,False,0.1486836058829715,Healthy,0,0
2015-01-26,21,8__1,Team 8,Sewing,21,0,False,0.2280447489129659,Healthy,0,0
2015-01-27,22,8__1,Team 8,Sewing,22,0,False,0.291415157926486,Healthy,0,0
2015-01-28,23,8__1,Team 8,Sewing,23,0,False,0.6130666238197939,High Risk,1,1
2015-01-31,25,8__1,Team 8,Sewing,24,0,False,0.2612242868147776,Healthy,0,1
2015-02-01,26,8__1,Team 8,Sewing,25,0,False,0.4156061673456352,High Risk,1,1
2015-02-02,27,8__1,Team 8,Sewing,26,0,False,0.4751434698471845,High Risk,1,1
2015-02-03,28,8__1,Team 8,Sewing,27,0,False,0.5503014194631843,High Risk,1,1
2015-02-04,29,8__1,Team 8,Sewing,28,0,False,0.5664412213717688,High Risk,1,0
2015-02-05,30,8__1,Team 8,Sewing,29,0,False,0.5386228620772173,High Risk,1,1
2015-02-07,31,8__1,Team 8,Sewing,30,0,False,0.5464725279635533,High Risk,1,1
2015-02-08,32,8__1,Team 8,Sewing,31,0,False,0.5794190054313682,High Risk,1,1
2015-02-09,33,8__1,Team 8,Sewing,32,0,False,0.2060258736948713,Healthy,0,0
2015-02-10,34,8__1,Team 8,Sewing,33,0,False,0.1974123382786654,Healthy,0,1
2015-02-11,35,8__1,Team 8,Sewing,34,0,False,0.2898269293046901,Healthy,0,0
2015-02-12,36,8__1,Team 8,Sewing,35,0,False,0.5346041650511493,High Risk,1,1
2015-02-14,37,8__1,Team 8,Sewing,36,0,False,0.5909708840435077,High Risk,1,0
2015-02-15,38,8__1,Team 8,Sewing,37,0,False,0.3840357694333349,Watch,0,0
2015-02-16,39,8__1,Team 8,Sewing,38,0,False,0.6142138821747672,High Risk,1,0
2015-02-17,40,8__1,Team 8,Sewing,39,0,False,0.3135657818734476,Watch,0,0
2015-02-18,41,8__1,Team 8,Sewing,40,1,False,0.5264923974359681,High Risk,1,1
2015-02-19,42,8__1,Team 8,Sewing,41,1,False,0.5984514163234932,High Risk,1,0
2015-02-22,43,8__1,Team 8,Sewing,42,1,False,0.3427403391598896,Watch,0,0
2015-02-23,44,8__1,Team 8,Sewing,43,1,False,0.3449819620961779,Watch,0,0
2015-02-24,45,8__1,Team 8,Sewing,44,1,False,0.3406632053330046,Watch,0,0
2015-02-25,46,8__1,Team 8,Sewing,45,1,False,0.4346502857460851,High Risk,1,0
2015-02-26,47,8__1,Team 8,Sewing,46,1,False,0.2910812422422628,Healthy,0,0
2015-02-28,48,8__1,Team 8,Sewing,47,1,False,0.29501421708022,Healthy,0,0
2015-03-01,49,8__1,Team 8,Sewing,48,1,False,0.3043385597229437,Watch,0,0
2015-03-02,50,8__1,Team 8,Sewing,49,2,False,0.3926482284049011,Watch,0,0
2015-03-03,51,8__1,Team 8,Sewing,50,2,False,0.3110169937873878,Watch,0,0
2015-03-04,52,8__1,Team 8,Sewing,51,2,False,0.7257902047541666,High Risk,1,1
2015-03-08,55,8__1,Team 8,Sewing,52,2,False,0.4872468985018217,High Risk,1,0
2015-03-09,56,8__1,Team 8,Sewing,53,2,False,0.3697032847353268,Watch,0,0
2015-03-10,57,8__1,Team 8,Sewing,54,2,False,0.4003008145332181,High Risk,1,0
2015-03-11,58,8__1,Team 8,Sewing,55,2,False,0.3996319260358171,Watch,0,0
2015-01-03,1,9__0,Team 9,Finishing,0,0,True,0.6581535716918439,High Risk,1,0
2015-01-04,2,9__0,Team 9,Finishing,1,0,True,0.548214178364948,High Risk,1,0
2015-01-05,3,9__0,Team 9,Finishing,2,0,True,0.4580549821137425,High Risk,1,0
2015-01-06,4,9__0,Team 9,Finishing,3,0,True,0.4651594447873465,High Risk,1,0
2015-01-07,5,9__0,Team 9,Finishing,4,0,True,0.4399645934383692,High Risk,1,0
2015-01-08,6,9__0,Team 9,Finishing,5,0,True,0.4257272892769402,High Risk,1,0
2015-01-10,7,9__0,Team 9,Finishing,6,0,True,0.4009102597338469,High Risk,1,0
2015-01-11,8,9__0,Team 9,Finishing,7,0,True,0.3863451175878494,Watch,0,0
2015-01-12,9,9__0,Team 9,Finishing,8,0,False,0.3738760484548401,Watch,0,0
2015-01-13,10,9__0,Team 9,Finishing,9,0,False,0.3630907522296515,Watch,0,0
2015-01-14,11,9__0,Team 9,Finishing,10,0,False,0.3536760758213192,Watch,0,0
2015-01-15,12,9__0,Team 9,Finishing,11,0,False,0.3643005918072435,Watch,0,0
2015-01-17,13,9__0,Team 9,Finishing,12,0,False,0.3243860271722054,Watch,0,0
2015-01-18,14,9__0,Team 9,Finishing,13,0,False,0.3218829263397226,Watch,0,1
2015-01-19,15,9__0,Team 9,Finishing,14,0,False,0.3355015426287173,Watch,0,0
2015-01-20,16,9__0,Team 9,Finishing,15,0,False,0.3115954275189669,Watch,0,0
2015-01-21,17,9__0,Team 9,Finishing,16,0,False,0.3520941433649358,Watch,0,0
2015-01-24,19,9__0,Team 9,Finishing,17,0,False,0.1878440514495255,Healthy,0,1
2015-01-31,25,9__0,Team 9,Finishing,18,0,False,0.4613957514055161,High Risk,1,0
2015-02-02,27,9__0,Team 9,Finishing,19,0,False,0.2594121948579739,Healthy,0,0
2015-02-03,28,9__0,Team 9,Finishing,20,0,False,0.1943751634242578,Healthy,0,0
2015-02-04,29,9__0,Team 9,Finishing,21,0,False,0.2213325011856921,Healthy,0,0
2015-02-07,31,9__0,Team 9,Finishing,22,0,False,0.2683094701077341,Healthy,0,0
2015-02-08,32,9__0,Team 9,Finishing,23,0,False,0.2815217319911829,Healthy,0,1
2015-02-09,33,9__0,Team 9,Finishing,24,0,False,0.2909794413578846,Healthy,0,0
2015-02-10,34,9__0,Team 9,Finishing,25,0,False,0.2966068485264196,Healthy,0,0
2015-02-11,35,9__0,Team 9,Finishing,26,0,False,0.302263851290722,Watch,0,1
2015-02-12,36,9__0,Team 9,Finishing,27,0,False,0.3127764056929983,Watch,0,1
2015-02-14,37,9__0,Team 9,Finishing,28,0,False,0.3189647579798462,Watch,0,1
2015-02-16,39,9__0,Team 9,Finishing,29,0,False,0.3282868492854557,Watch,0,0
2015-02-17,40,9__0,Team 9,Finishing,30,0,False,0.3440648345598614,Watch,0,1
2015-02-18,41,9__0,Team 9,Finishing,31,1,False,0.3514713474978316,Watch,0,1
2015-02-22,43,9__0,Team 9,Finishing,32,1,False,0.3454584278379376,Watch,0,0
2015-02-23,44,9__0,Team 9,Finishing,33,1,False,0.3447736511860507,Watch,0,1
2015-02-24,45,9__0,Team 9,Finishing,34,1,False,0.1940765028944854,Healthy,0,0
2015-02-25,46,9__0,Team 9,Finishing,35,1,False,0.2677183912081552,Healthy,0,1
2015-02-26,47,9__0,Team 9,Finishing,36,1,False,0.3232852156159153,Watch,0,1
2015-02-28,48,9__0,Team 9,Finishing,37,1,False,0.3339324649683569,Watch,0,1
2015-03-01,49,9__0,Team 9,Finishing,38,1,False,0.3046472707635,Watch,0,1
2015-03-02,50,9__0,Team 9,Finishing,39,2,False,0.2851719947592773,Healthy,0,0
2015-03-04,52,9__0,Team 9,Finishing,40,2,False,0.3137974001367278,Watch,0,0
2015-03-05,53,9__0,Team 9,Finishing,41,2,False,0.3114153736663989,Watch,0,1
2015-03-08,55,9__0,Team 9,Finishing,42,2,False,0.3151156171019759,Watch,0,0
2015-03-09,56,9__0,Team 9,Finishing,43,2,False,0.0027264816797204,Healthy,0,0
2015-03-10,57,9__0,Team 9,Finishing,44,2,False,0.2584335363227299,Healthy,0,0
2015-03-11,58,9__0,Team 9,Finishing,45,2,False,0.2579835504479497,Healthy,0,1
2015-01-01,0,9__1,Team 9,Sewing,0,0,True,0.3360206210177834,Watch,0,0
2015-01-03,1,9__1,Team 9,Sewing,1,0,True,0.3443682003889249,Watch,0,0
2015-01-04,2,9__1,Team 9,Sewing,2,0,True,0.3086039036672503,Watch,0,0
2015-01-05,3,9__1,Team 9,Sewing,3,0,True,0.1937638196281089,Healthy,0,0
2015-01-06,4,9__1,Team 9,Sewing,4,0,True,0.1956708056564313,Healthy,0,0
2015-01-07,5,9__1,Team 9,Sewing,5,0,True,0.1963417538728155,Healthy,0,0
2015-01-08,6,9__1,Team 9,Sewing,6,0,True,0.1371039972912134,Healthy,0,0
2015-01-10,7,9__1,Team 9,Sewing,7,0,True,0.2111023411250492,Healthy,0,0
2015-01-11,8,9__1,Team 9,Sewing,8,0,False,0.137943497457444,Healthy,0,0
2015-01-12,9,9__1,Team 9,Sewing,9,0,False,0.2097251471668605,Healthy,0,0
2015-01-13,10,9__1,Team 9,Sewing,10,0,False,0.2072491771288113,Healthy,0,0
2015-01-14,11,9__1,Team 9,Sewing,11,0,False,0.2046426321351619,Healthy,0,0
2015-01-15,12,9__1,Team 9,Sewing,12,0,False,0.3061812879748957,Watch,0,0
2015-01-17,13,9__1,Team 9,Sewing,13,0,False,0.315463018264013,Watch,0,0
2015-01-18,14,9__1,Team 9,Sewing,14,0,False,0.3922881743129385,Watch,0,0
2015-01-19,15,9__1,Team 9,Sewing,15,0,False,0.3070598854851892,Watch,0,0
2015-01-20,16,9__1,Team 9,Sewing,16,0,False,0.3634855122113143,Watch,0,0
2015-01-21,17,9__1,Team 9,Sewing,17,0,False,0.6121940057194764,High Risk,1,1
2015-01-22,18,9__1,Team 9,Sewing,18,0,False,0.236473234698621,Healthy,0,0
2015-01-24,19,9__1,Team 9,Sewing,19,0,False,0.3683825665354842,Watch,0,0
2015-01-25,20,9__1,Team 9,Sewing,20,0,False,0.4036156056096644,High Risk,1,0
2015-01-26,21,9__1,Team 9,Sewing,21,0,False,0.3872137142905814,Watch,0,0
2015-01-27,22,9__1,Team 9,Sewing,22,0,False,0.3156483501052651,Watch,0,0
2015-01-28,23,9__1,Team 9,Sewing,23,0,False,0.2273139712735997,Healthy,0,0
2015-01-29,24,9__1,Team 9,Sewing,24,0,False,0.2327096802172568,Healthy,0,0
2015-01-31,25,9__1,Team 9,Sewing,25,0,False,0.1133671830859869,Healthy,0,0
2015-02-01,26,9__1,Team 9,Sewing,26,0,False,0.3577573219732796,Watch,0,0
2015-02-02,27,9__1,Team 9,Sewing,27,0,False,0.2064712327527293,Healthy,0,0
2015-02-03,28,9__1,Team 9,Sewing,28,0,False,0.4275471204454572,High Risk,1,0
2015-02-04,29,9__1,Team 9,Sewing,29,0,False,0.3632622303203083,Watch,0,0
2015-02-05,30,9__1,Team 9,Sewing,30,0,False,0.3888213814396474,Watch,0,0
2015-02-07,31,9__1,Team 9,Sewing,31,0,False,0.3994281511650919,Watch,0,0
2015-02-08,32,9__1,Team 9,Sewing,32,0,False,0.4045336542308355,High Risk,1,0
2015-02-09,33,9__1,Team 9,Sewing,33,0,False,0.3925929959095648,Watch,0,0
2015-02-10,34,9__1,Team 9,Sewing,34,0,False,0.4444633755004963,High Risk,1,0
2015-02-11,35,9__1,Team 9,Sewing,35,0,False,0.4084049980688898,High Risk,1,0
2015-02-12,36,9__1,Team 9,Sewing,36,0,False,0.6769226507646358,High Risk,1,1
2015-02-15,38,9__1,Team 9,Sewing,37,0,False,0.260872477778748,Healthy,0,1
2015-02-16,39,9__1,Team 9,Sewing,38,0,False,0.3766252662562626,Watch,0,1
2015-02-17,40,9__1,Team 9,Sewing,39,0,False,0.4520970442878335,High Risk,1,0
2015-02-18,41,9__1,Team 9,Sewing,40,1,False,0.3454907666374245,Watch,0,0
2015-02-19,42,9__1,Team 9,Sewing,41,1,False,0.3478962546533929,Watch,0,0
2015-02-22,43,9__1,Team 9,Sewing,42,1,False,0.3438949150628602,Watch,0,0
2015-02-23,44,9__1,Team 9,Sewing,43,1,False,0.3156670797781915,Watch,0,0
2015-02-24,45,9__1,Team 9,Sewing,44,1,False,0.3801190929593254,Watch,0,0
2015-02-25,46,9__1,Team 9,Sewing,45,1,False,0.2871164941587494,Healthy,0,0
2015-02-26,47,9__1,Team 9,Sewing,46,1,False,0.3466308287672728,Watch,0,0
2015-02-28,48,9__1,Team 9,Sewing,47,1,False,0.3568458776096364,Watch,0,0
2015-03-01,49,9__1,Team 9,Sewing,48,1,False,0.3878564142713835,Watch,0,0
2015-03-02,50,9__1,Team 9,Sewing,49,2,False,0.324159365693012,Watch,0,0
2015-03-03,51,9__1,Team 9,Sewing,50,2,False,0.3767380247448588,Watch,0,0
2015-03-04,52,9__1,Team 9,Sewing,51,2,False,0.3710291985331344,Watch,0,0
2015-03-05,53,9__1,Team 9,Sewing,52,2,False,0.3092119567258672,Watch,0,0
2015-03-07,54,9__1,Team 9,Sewing,53,2,False,0.3062111069655018,Watch,0,0
2015-03-08,55,9__1,Team 9,Sewing,54,2,False,0.3208629146078979,Watch,0,0
2015-03-09,56,9__1,Team 9,Sewing,55,2,False,0.323787365252945,Watch,0,0
2015-03-10,57,9__1,Team 9,Sewing,56,2,False,0.3217423909135676,Watch,0,0
2015-03-11,58,9__1,Team 9,Sewing,57,2,False,0.39375565073859,Watch,0,0
