feature,anova_f_score_train,anova_p_value_train,rank,selected
348,21.819884693477242,3.3667931736197327e-06,1,True
21,20.072467561067242,8.239501474662707e-06,2,True
59,18.61657522894441,1.7428107966453106e-05,3,True
210,14.924939084462157,0.00011844504438566444,4,True
103,13.660277060640217,0.00022989075290015797,5,True
431,12.337268927139789,0.00046212172613150065,6,True
430,12.274206575880982,0.00047782098360625276,7,True
434,11.6204475115043,0.000676077351732859,8,True
298,11.558461490846453,0.0006987459076864555,9,True
316,11.45756167572908,0.0007373027961491772,10,True
510,11.289815598613606,0.0008062317762837452,11,True
163,11.015614613699475,0.000933251134480633,12,True
435,10.820040489280665,0.0010360715561826843,13,True
22,10.488576787213336,0.001237264955026347,14,True
436,10.275750429799496,0.0013869092011038655,15,True
64,9.983483871494588,0.0016228278452329685,16,True
310,9.1395969912128,0.0025596262287846936,17,True
175,8.620184456739395,0.003394128685866976,18,True
114,8.531965301679659,0.00356126415194859,19,True
117,8.409256012766457,0.003807786808800987,20,True
446,8.370705202495813,0.0038887714683884774,21,True
249,8.3032940891677,0.004034626609847102,22,True
387,8.2622891071692,0.004126063201829207,23,True
437,8.059609555223465,0.004610038740094855,24,True
180,7.522916851467697,0.006191365307448264,25,True
299,7.5058334126233675,0.006249953157155597,26,True
294,7.404505306673578,0.006609304856520682,27,True
31,7.3595877627839705,0.006775295324576661,28,True
33,7.240895265020005,0.007234751101980035,29,True
164,7.2113905206362325,0.007353833505468917,30,True
300,7.0387789814029516,0.008091872227176897,31,True
127,6.992524785477087,0.00830224392164549,32,True
295,6.909555717569751,0.008693755190487443,33,True
159,6.8287507229527895,0.009093261505503698,34,True
452,6.756236505748272,0.009467799795919371,35,True
165,6.7214108382608,0.009653265514255391,36,True
471,6.712333104520818,0.009702219175442893,37,True
337,6.651601197624491,0.01003635142126401,38,True
122,6.449097258509054,0.011238394903675727,39,True
166,6.4226319067190785,0.011406074472272577,40,True
301,6.40823563721112,0.01149836442801762,41,True
102,6.392976417342819,0.011597024949208062,42,True
58,6.294859019067183,0.012252561866744768,43,True
281,6.197741576844876,0.012939013826390917,44,True
160,6.1591218556216205,0.01322287905034469,45,True
26,5.9781400101774285,0.01464115937051033,46,True
475,5.947398140028137,0.014897230014008151,47,True
56,5.812681824885415,0.016075047474505975,48,True
247,5.788813061591094,0.016293554537284604,49,True
255,5.702344609947994,0.017111154310704806,50,True
527,5.554198696493611,0.01861191436582526,51,True
65,5.528977640958514,0.018880672025020535,52,True
519,5.433932423866965,0.01993010953770001,53,True
28,5.432646998816299,0.019944709327721532,54,True
203,5.229521452083645,0.022396978747382584,55,True
433,5.1395769294886575,0.0235808558787156,56,True
121,5.106591916932098,0.024031141012308244,57,True
146,4.82122441768849,0.0283207588710141,58,True
582,4.7976511255000265,0.02870905941000723,59,True
278,4.727681475246493,0.029894640330573208,60,True
200,4.682013881895107,0.030695902862726505,61,True
575,4.601931534708551,0.03215560142383211,62,True
573,4.60170885262755,0.03215975998428121,63,True
484,4.589589147859758,0.03238694406543451,64,True
14,4.589069938444977,0.03239671405145063,65,True
488,4.561569160140315,0.032918626878011656,66,True
75,4.486706399652764,0.03438442592072325,67,True
196,4.341507002196883,0.03742566099749535,68,True
393,4.2560095269259675,0.03934724926668972,69,True
70,4.222218505919382,0.04013503871409135,70,True
521,4.151691112280959,0.04183319136252046,71,True
511,4.141687167301206,0.04208011957644819,72,True
143,4.132696288023808,0.04230335124009956,73,True
32,4.0910958446317744,0.043352586756817114,74,True
133,4.057053024033743,0.04423159434900165,75,True
181,4.024482299878648,0.04509018998112432,76,True
199,3.937029095214199,0.04748368316247775,77,True
453,3.901962329039434,0.048480780700546434,78,True
339,3.826036184157675,0.05071632999224127,79,True
416,3.812544489975809,0.05112486246668506,80,True
197,3.805867772533313,0.05132832304064618,81,True
66,3.722044046520983,0.05395698740090631,82,True
124,3.682516853601355,0.05524573599808643,83,True
270,3.6329139707316918,0.05690941548378295,84,True
557,3.517819263017396,0.06097843289616853,85,True
123,3.504627699880428,0.061464226618795754,86,True
577,3.5010301712085,0.06159742441659071,87,True
558,3.430346446146602,0.06427791784905193,88,True
469,3.348344690254288,0.06754463278908998,89,True
551,3.316221356188789,0.06887237119584196,90,True
554,3.1802597582515872,0.07481004587843627,91,True
302,3.1505349751405594,0.07618007847370752,92,True
280,3.0949989874318646,0.0788127061607423,93,True
317,3.0627230753856844,0.08038765382775845,94,True
100,3.0312894040386773,0.081954205919233,95,True
130,3.0212998402296263,0.08245893521114575,96,True
385,3.0125245626525277,0.08290508482721815,97,True
167,2.9459915045625227,0.08637393477016454,98,True
408,2.919687671723003,0.08778844079374419,99,True
135,2.9117489734854933,0.08822026996634735,100,True
188,2.8863903035876604,0.08961518228252051,101,True
359,2.8611660329324993,0.09102649826665864,102,True
63,2.8289532672929165,0.0928640685769371,103,True
145,2.7588184227803048,0.09700618138758418,104,True
344,2.722522854510214,0.09922857255448861,105,True
333,2.687659103680445,0.10141578775416364,106,True
477,2.676417247806268,0.10213226339930001,107,True
480,2.6187997269529255,0.10589254236467865,108,True
126,2.5744746335283577,0.1088887728849526,109,True
208,2.5656111867496145,0.10949902783528961,110,True
90,2.4747939286670104,0.1159737426471593,111,True
198,2.326052574325979,0.12751315970065785,112,True
40,2.3230826839110517,0.1277562017460329,113,True
460,2.321725265914827,0.12786745839815558,114,True
201,2.229250235863165,0.13570787584204883,115,True
202,2.208861503235105,0.1375080222217934,116,True
205,2.174099671153351,0.14063933182449848,117,True
563,2.165592580567521,0.1414177958237697,118,True
479,2.1243303808924767,0.14526310759996966,119,True
43,2.1175702002526275,0.14590427466132688,120,True
334,2.1086431425149774,0.14675585900656146,121,False
470,2.0984806539368,0.14773213647914843,122,False
81,2.0695328961887856,0.1505535525212487,123,False
279,2.0391177789465567,0.15358393042265028,124,False
569,2.0386448525964638,0.15363159312295188,125,False
341,1.9976663373752903,0.15782606242211975,126,False
468,1.990228463530623,0.1586012770826516,127,False
312,1.9825837422909605,0.1594025745784361,128,False
177,1.955751310253143,0.16225184177725702,129,False
448,1.9541076034568847,0.16242826399368568,130,False
86,1.9533485814466485,0.16250980524962283,131,False
144,1.9391158665167252,0.16404751504431317,132,False
454,1.9385046711985785,0.164113920538804,133,False
80,1.9108072544696058,0.16715575235529567,134,False
417,1.8997972738096125,0.16838281825511806,135,False
499,1.8934974166205583,0.16908958722199777,136,False
324,1.8764344417333936,0.17102102576237713,137,False
20,1.8669735307232078,0.17210287592145027,138,False
360,1.8325649093091592,0.1761044902200007,139,False
67,1.8075203867075804,0.1790846634652545,140,False
214,1.805483871417844,0.1793295515244129,141,False
211,1.7674157856508925,0.18397936933218717,142,False
349,1.7657298667022954,0.18418850802515702,143,False
318,1.7560879245346084,0.18538991421159995,144,False
89,1.7311934770187607,0.18853420298772627,145,False
60,1.7087803220111235,0.19141836875941504,146,False
182,1.7034600350841853,0.19211053815017276,147,False
115,1.6884054273845497,0.19408505539517226,148,False
79,1.6514263349447535,0.19903690746678343,149,False
571,1.6444120465860208,0.19999284278696336,150,False
221,1.6423828319073321,0.20027039850005532,151,False
574,1.635659173306897,0.2011933040731405,152,False
76,1.6262977219591392,0.2024866330306417,153,False
340,1.6178100239962736,0.20366772526957425,154,False
332,1.6034650548600489,0.2056824092847882,155,False
207,1.5896997992128006,0.2076378513971862,156,False
550,1.5823642555721693,0.20868889404367794,157,False
213,1.5406380413573608,0.21478893398767518,158,False
204,1.5323786593722906,0.21602139384113883,159,False
587,1.5289832330323547,0.2165305002215514,160,False
494,1.518146921041613,0.21816488284554406,161,False
351,1.51569600830666,0.21853657995256356,162,False
335,1.4929194135995774,0.22202725627204323,163,False
336,1.482287392735455,0.2236795236589231,164,False
423,1.439502561574016,0.2304796180064284,165,False
57,1.4383438406803803,0.23066721788576178,166,False
556,1.4321391089455202,0.23167492157993994,167,False
170,1.4306891579023924,0.231911172305791,168,False
161,1.4284840702548325,0.23227102090499288,169,False
137,1.413476085816855,0.23473819397032308,170,False
68,1.4028225725494405,0.2365088038910602,171,False
493,1.3950337302947797,0.23781356284361063,172,False
410,1.3891654512862324,0.23880237201119994,173,False
588,1.3780807140896216,0.24068383202647126,174,False
125,1.3679258649828396,0.24242331866581618,175,False
24,1.3602089270468036,0.24375545743229457,176,False
572,1.3488837025887153,0.2457267012661323,177,False
47,1.3461225653246354,0.24621024998629026,178,False
195,1.3105354108375886,0.25254812775546354,179,False
19,1.2802753499763997,0.25809580836865553,180,False
546,1.251830071588147,0.2634488345035812,181,False
467,1.2479695563748598,0.2641859125452448,182,False
50,1.2423358289967255,0.26526615506234663,183,False
272,1.2355299338389667,0.2665785022118342,184,False
104,1.2313274603101458,0.26739288708765935,185,False
271,1.230893127323925,0.2674772320279622,186,False
553,1.2279672125339918,0.26804629375249883,187,False
7,1.223312141854609,0.26895477864036965,188,False
365,1.1984943665911,0.2738637775212665,189,False
222,1.1982309132840903,0.27391648884128256,190,False
338,1.1980591303160442,0.2739508657659316,191,False
129,1.1949552258047451,0.274572948443967,192,False
540,1.1733718347541715,0.2789481810078801,193,False
485,1.152899880102215,0.28317969668922766,194,False
441,1.132867289385597,0.2873994289791843,195,False
138,1.13244300116217,0.28748966346385846,196,False
87,1.121103954431345,0.28991459049563134,197,False
411,1.1184187850672165,0.29049264534513525,198,False
438,1.1151397857220011,0.2912005346098333,199,False
268,1.1033993242971745,0.29375328208618323,200,False
296,1.0984764860131575,0.2948321834094883,201,False
331,1.0630708211198605,0.30274372941500727,202,False
541,1.0573429367079683,0.3040492710574637,203,False
343,1.0479797968311544,0.30619912405139227,204,False
576,1.0320097496615914,0.30991171383525856,205,False
407,1.024958621402242,0.31156954496414424,206,False
455,1.0131711894460518,0.3143668927570627,207,False
474,0.9896408158531838,0.32005015622151434,208,False
545,0.9849281983844052,0.32120458503362537,209,False
586,0.9822455848988711,0.32186418464465094,210,False
218,0.964842757319164,0.32618693103470997,211,False
377,0.963054219733887,0.32663553615883256,212,False
98,0.9617623248848652,0.32696008120666065,213,False
319,0.9590675929664003,0.3276384199467851,214,False
95,0.9459151164779845,0.3309762405338933,215,False
269,0.9228381828342905,0.33694312577428187,216,False
428,0.9131837578347295,0.33948219208889585,217,False
113,0.9111146093351498,0.3400297127961268,218,False
155,0.9108053702092485,0.34011164313153,219,False
486,0.9024340931912604,0.3423396873336102,220,False
183,0.8982357081183119,0.343464520545393,221,False
101,0.8882953148379132,0.3461477573893217,222,False
543,0.8785677529645466,0.3488011335996425,223,False
48,0.8684838442971696,0.3515809994241633,224,False
483,0.850229697534632,0.3566906658159078,225,False
61,0.844827174458533,0.35822244420274885,226,False
565,0.841869902716207,0.35906475276892946,227,False
132,0.8345003465908483,0.3611757023180876,228,False
440,0.8309269868364167,0.3622054296700439,229,False
92,0.8266376376406234,0.3634468490927645,230,False
303,0.8243197119532223,0.3641201527600533,231,False
482,0.8187698818830915,0.3657392902850408,232,False
352,0.8141204271283513,0.3671034506616072,233,False
418,0.7838824187371003,0.37615093849889847,234,False
567,0.7796487906061794,0.3774425538593763,235,False
112,0.7730923564645583,0.37945518724337746,236,False
128,0.7690996974770571,0.3806882467543701,237,False
424,0.7252500488308045,0.39461355262639597,238,False
419,0.6867766398973951,0.40744369706363304,239,False
151,0.684594012359348,0.40818970621030726,240,False
88,0.6784432807873513,0.4103028130432136,241,False
304,0.6749230507873993,0.4115194500828192,242,False
99,0.657206292231045,0.41772428053675403,243,False
286,0.6511472047405001,0.4198782140910473,244,False
445,0.6390342231334303,0.4242342615452753,245,False
392,0.5938285971282402,0.4411088128548736,246,False
548,0.5839661248167151,0.444926696311274,247,False
62,0.5785912721810746,0.44702893502131014,248,False
224,0.56813848296653,0.4511617735631368,249,False
526,0.56001809436734,0.4544137972512844,250,False
254,0.5572626891469864,0.455525640350674,251,False
169,0.5545845492824726,0.45661041628259647,252,False
560,0.5499288364618214,0.45850593283360297,253,False
8,0.5456195624545588,0.46027151847594916,254,False
174,0.528636867605713,0.46733606528368665,255,False
172,0.5283800139628467,0.4674442408745524,256,False
83,0.5207604217507974,0.47067168767856227,257,False
362,0.5175218104415583,0.47205436663405875,258,False
168,0.5154552002234785,0.47294011282607973,259,False
285,0.5055371817769408,0.47722874209495647,260,False
305,0.4867326225076375,0.4855366808712217,261,False
321,0.48420541901414244,0.4866713770051785,262,False
288,0.46898712724538566,0.49359856680450676,263,False
547,0.4615935670627656,0.4970238759950145,264,False
11,0.45969240086921537,0.4979111367634833,265,False
105,0.45599548599378614,0.49964415504076565,266,False
559,0.45495492118904424,0.500133790309923,267,False
443,0.44720886835532425,0.5038044873319254,268,False
78,0.4444119697511165,0.5051411995294242,269,False
388,0.4330449592841213,0.5106370498349517,270,False
457,0.4258365678043963,0.5141760770797107,271,False
356,0.4213115310484827,0.5164195774523492,272,False
150,0.41931304775544537,0.5174158775499245,273,False
363,0.4171118448358067,0.5185171470396258,274,False
46,0.4157269390263884,0.5192121329978538,275,False
185,0.4125427069160225,0.5208163101652867,276,False
490,0.4107615411259251,0.5217174585773925,277,False
239,0.40896857218639654,0.5226273671335424,278,False
10,0.4072338092092624,0.5235104162279305,279,False
491,0.39823443711289425,0.5281342940133016,280,False
409,0.3934235685183426,0.5306361768360232,281,False
136,0.3899818285344887,0.5324391626115867,282,False
227,0.3743056685864489,0.5407937325185308,283,False
273,0.3685139413442572,0.5439413784521587,284,False
412,0.3566351916672702,0.5505045028788149,285,False
376,0.3535508126074713,0.5522328994448388,286,False
367,0.34860439767016943,0.5550261523635396,287,False
500,0.3467281988122368,0.5560926431636365,288,False
34,0.34402820755358937,0.5576342447165376,289,False
36,0.3440232722529933,0.5576370700400226,290,False
357,0.33416466856414273,0.5633359760932752,291,False
55,0.3245704148043862,0.5689908149423273,292,False
153,0.30798365160095104,0.5790335862096383,293,False
561,0.30585532236483604,0.5803477210293972,294,False
238,0.30578211409002526,0.580393029547488,295,False
29,0.3044894356162693,0.58119423586304,296,False
290,0.3037343892356469,0.5816632431581339,297,False
562,0.3020528385586474,0.5827104988192461,298,False
444,0.2999616191565094,0.5840182018408127,299,False
306,0.29746039318685796,0.5855901007326427,300,False
120,0.29719250256619223,0.5857589649835684,301,False
51,0.29361055007018744,0.5880263805759407,302,False
219,0.2886317553056891,0.5912079213625372,303,False
487,0.28649856552917546,0.5925819008356414,304,False
30,0.2855612120525324,0.5931877289662396,305,False
71,0.2808910066696362,0.5962253572355969,306,False
107,0.2795008154929001,0.5971358222668964,307,False
171,0.27139041383896517,0.6025060176606258,308,False
253,0.2697755283130943,0.6035874519440914,309,False
549,0.2689221499990422,0.6041605915475852,310,False
552,0.2640911698715093,0.6074270742826711,311,False
37,0.2617137238568629,0.6090484797825297,312,False
93,0.2609488976933073,0.6095720627515717,313,False
216,0.2591108503630142,0.6108343175566348,314,False
274,0.2563932964974569,0.6127109317036367,315,False
426,0.25563940369870897,0.6132337480465109,316,False
215,0.2527566983103079,0.6152418446830159,317,False
15,0.2510237326848736,0.616455945980932,318,False
82,0.2501934581809627,0.6170394881540571,319,False
173,0.2481108518612693,0.6185085524816645,320,False
116,0.24807581505056228,0.618533333087965,321,False
368,0.24579340839329414,0.6201523452448213,322,False
525,0.24531039011895517,0.6204961715722153,323,False
267,0.24380155780034668,0.6215729243866933,324,False
131,0.2421916062226079,0.6227264197468814,325,False
539,0.24002948899366117,0.6242830471372605,326,False
405,0.23550745077454063,0.6275670335551755,327,False
217,0.22152482961891848,0.6379743466093959,328,False
2,0.21541161130221487,0.6426508423475203,329,False
406,0.2082944655463601,0.648198072063904,330,False
106,0.2072080028453519,0.6490549218789211,331,False
353,0.18742316068771095,0.6651553423480796,332,False
523,0.1811404184642804,0.670478719794712,333,False
389,0.17962354879366438,0.6717802719429444,334,False
4,0.17879309627850645,0.6724955911627702,335,False
251,0.17700523966096152,0.674042253876591,336,False
140,0.1765420335889543,0.6744444691245364,337,False
275,0.1764886739174575,0.6744908427405859,338,False
223,0.1731992752944023,0.677365650779193,339,False
45,0.17161351450716922,0.6787629977584249,340,False
9,0.17147369149962197,0.6788865699817412,341,False
415,0.170210802900792,0.6800053639736743,342,False
94,0.1571598556966954,0.6918622558036578,343,False
139,0.15169704106292925,0.6969946559246205,344,False
568,0.148539212073647,0.7000101898417512,345,False
472,0.1465748587333148,0.7019046453095268,346,False
289,0.13923650782026084,0.7091134969587098,347,False
391,0.13908060522942375,0.7092689737683429,348,False
361,0.13033372110549238,0.7181559774593889,349,False
12,0.1235541137557301,0.7252789702527676,350,False
355,0.12025861202873075,0.7288208645903083,351,False
432,0.11701466916139991,0.7323608528960548,352,False
283,0.11639550237718074,0.7330427361023185,353,False
564,0.1121564421233343,0.7377664875067386,354,False
497,0.11078774421958378,0.7393128482030433,355,False
18,0.1104741349930043,0.7396686576896243,356,False
6,0.10209873510603981,0.749386465177435,357,False
544,0.10133728143990348,0.7502914665690511,358,False
524,0.09956330883945715,0.7524144920701588,359,False
421,0.09744358469142507,0.7549787566507156,360,False
439,0.09658806078822145,0.7560223655432289,361,False
495,0.09507883659146231,0.7578758183614749,362,False
148,0.09491926103954568,0.7580727297558527,363,False
354,0.09446513619509134,0.7586340998355698,364,False
84,0.08573592800501031,0.7697252183076075,365,False
54,0.08348846334617421,0.7726792010996826,366,False
3,0.0796774202785639,0.7777884287548857,367,False
41,0.07885637426918332,0.7789063371688851,368,False
142,0.07263951591633735,0.7875825404214836,369,False
522,0.07221028819212061,0.788196040195247,370,False
297,0.07124008034015022,0.789590011150242,371,False
35,0.06956742277270624,0.7920173283378812,372,False
1,0.06687812922290264,0.7959863087538916,373,False
287,0.06655662573085366,0.7964664589017973,374,False
366,0.06497265081546869,0.7988503032756452,375,False
152,0.06439384057347942,0.799729111373187,376,False
476,0.057454581917256844,0.8106101751371695,377,False
427,0.05274797213769178,0.8183917103655622,378,False
542,0.050890083142532405,0.821563772189078,379,False
311,0.05069829842730547,0.8218946581541539,380,False
39,0.04828258927101822,0.8261200981245531,381,False
154,0.04776238706026373,0.8270444239274607,382,False
77,0.04485182804802227,0.8323161677145938,383,False
473,0.043027097175681636,0.8357128624544181,384,False
38,0.04241946233351126,0.8368605891452184,385,False
91,0.04182944703048233,0.8379832647768921,386,False
252,0.04144427152079464,0.8387206293686269,387,False
0,0.040487674890515704,0.8405674810705622,388,False
386,0.037910249946871845,0.8456596201019847,389,False
228,0.03686809665334398,0.8477694821964665,390,False
248,0.03449272729252745,0.852697063695743,391,False
187,0.03266718868361742,0.8566046129083912,392,False
225,0.031894188376179744,0.8582931518462839,393,False
108,0.029768662855923354,0.8630480939899922,394,False
323,0.029605513092385384,0.8634201956558141,395,False
162,0.02690034389705843,0.8697510140314687,396,False
25,0.02670150642768205,0.8702289942470836,397,False
44,0.025014448606370004,0.8743602517056013,398,False
566,0.024382033902482256,0.8759455858609088,399,False
520,0.023044967704017982,0.8793681829195166,400,False
308,0.021608260654313382,0.8831610893822144,401,False
23,0.021177432998560577,0.8843234371605677,402,False
459,0.01959363754575964,0.8887037111586212,403,False
53,0.017455379672552965,0.8949146131223514,404,False
429,0.01716037461714516,0.8958012802408785,405,False
425,0.016576387654196483,0.8975796721800448,406,False
583,0.01600223509418104,0.8993594403114136,407,False
291,0.013092376752493761,0.9089243306642563,408,False
307,0.01307687682387579,0.9089780234574081,409,False
309,0.012843801743794304,0.9097893319972283,410,False
282,0.0118702123617626,0.913261728191122,411,False
456,0.010899855316614797,0.916869176824721,412,False
16,0.009998624623172567,0.9203681055241524,413,False
212,0.009391364894804652,0.9228163679561321,414,False
585,0.009262928204296262,0.9233443278217169,415,False
277,0.008682356839319628,0.9257782869286573,416,False
489,0.008472199873840689,0.9266794924103672,417,False
350,0.008375092594414393,0.9270997189977526,418,False
156,0.005664600329112656,0.9400187907639023,419,False
584,0.004717493450684247,0.9452536963174569,420,False
176,0.004330801171249229,0.947542055378433,421,False
447,0.004131353490501752,0.948762519379914,422,False
442,0.003932107526967329,0.9500116606893165,423,False
147,0.0035517190080754163,0.9524880493816877,424,False
184,0.0031849495254207293,0.9550052961081124,425,False
589,0.002690616242573924,0.9586408313545906,426,False
555,0.0024645478877107596,0.9604149749629476,427,False
17,0.002260205399016278,0.962090238950379,428,False
96,0.0020633544262987987,0.9637775128160366,429,False
250,0.001756566518055532,0.9665769659566701,430,False
320,0.0014181987766550797,0.9699664524874817,431,False
118,0.001355414666547658,0.9706384675804508,432,False
496,0.0012518765607770954,0.971781697691278,433,False
420,0.0007914536417325919,0.9775613760064912,434,False
390,0.000788784245192784,0.9775992382285106,435,False
413,0.0002853807479252746,0.9865248850764802,436,False
119,0.0002796204046686349,0.986661561549216,437,False
570,0.0002206765511292426,0.9881504209267875,438,False
27,9.515803408077732e-05,0.992218619475842,439,False
134,1.6166120288818258e-05,0.9967926781068415,440,False
