series,day_index,is_burn_in,p_alarm,actual_alarm
10__0,0,True,0.5466782014430591,0
10__0,1,True,0.5675905123347811,0
10__0,2,True,0.41494363953674673,0
10__0,3,True,0.5483181282836245,0
10__0,4,True,0.5589386094076944,0
10__0,5,True,0.5320109616237172,0
10__0,6,True,0.5212233800658939,0
10__0,7,True,0.557508492183174,0
10__0,8,False,0.534645001626448,0
10__0,9,False,0.5171471665451829,1
10__0,10,False,0.40576731737600635,0
10__0,11,False,0.5282449090329597,1
10__0,12,False,0.42883224892468264,0
10__0,13,False,0.5424955903710261,0
10__0,14,False,0.3954481904523086,1
10__0,15,False,0.421378967767367,1
10__0,16,False,0.4072606475611912,0
10__0,17,False,0.4297354872605283,0
10__0,18,False,0.3072484139197158,0
10__0,19,False,0.27405063884514114,0
10__0,20,False,0.35847978645083145,0
10__0,21,False,0.3626322576980884,0
10__0,22,False,0.29037834536006846,0
10__0,23,False,0.2880040945294735,0
10__0,24,False,0.2989630344590664,0
10__0,25,False,0.29420848445824926,0
10__0,26,False,0.32670034533717496,0
10__0,27,False,0.35756154134174734,0
10__0,28,False,0.3466088881135244,1
10__0,29,False,0.3218254001033377,0
10__0,30,False,0.3662093011212102,1
10__0,31,False,0.23780216905606755,0
10__0,32,False,0.16914667615166518,0
10__0,33,False,0.21608428437887084,0
10__0,34,False,0.2536545727803127,1
10__0,35,False,0.26430681309825144,1
10__0,36,False,0.23958375829812323,0
10__0,37,False,0.24361288324531788,0
10__0,38,False,0.24833066709297769,1
10__0,39,False,0.25795824599961714,1
10__0,40,False,0.00270351301632857,1
10__0,41,False,0.2904949133433886,1
10__0,42,False,0.34625818757038124,1
10__1,0,True,0.3938101955731598,0
10__1,1,True,0.3237692705828449,0
10__1,2,True,0.3726614845589523,0
10__1,3,True,0.39413014338447117,0
10__1,4,True,0.3883566161662513,0
10__1,5,True,0.22737062605964492,0
10__1,6,True,0.2425450343513169,0
10__1,7,True,0.3335732955408777,0
10__1,8,False,0.5165882200107608,0
10__1,9,False,0.5418200144683245,0
10__1,10,False,0.15913562417677352,0
10__1,11,False,0.27494658799278193,0
10__1,12,False,0.39565848059067515,0
10__1,13,False,0.3791015069251695,0
10__1,14,False,0.4034220585006875,0
10__1,15,False,0.25507135638029355,0
10__1,16,False,0.25123802831112785,0
10__1,17,False,0.17496674478185414,0
10__1,18,False,0.3621566249347684,0
10__1,19,False,0.25539540635369384,0
10__1,20,False,0.2539320595150365,0
10__1,21,False,0.3623665986314746,0
10__1,22,False,0.29511400302080326,0
10__1,23,False,0.3645255656215394,0
10__1,24,False,0.12541601116414808,0
10__1,25,False,0.10588522344659984,0
10__1,26,False,0.21084055670127422,0
10__1,27,False,0.07916705931281548,0
10__1,28,False,0.1361205523951673,0
10__1,29,False,0.049552783378162116,0
10__1,30,False,0.03888502534331874,0
10__1,31,False,0.07820677213617223,0
10__1,32,False,0.08074038472600426,0
10__1,33,False,0.07331652915638696,0
10__1,34,False,0.060114127204756576,0
10__1,35,False,0.1226054322086651,0
10__1,36,False,0.6707661787006389,1
10__1,37,False,0.4361679618509333,1
10__1,38,False,0.4206575124926673,1
10__1,39,False,0.5669154229163392,1
10__1,40,False,0.5764316106476022,1
10__1,41,False,0.60653866376722,1
10__1,42,False,0.6086501841150296,1
10__1,43,False,0.607965839682681,1
10__1,44,False,0.5959526298250317,0
10__1,45,False,0.6001048923480113,0
10__1,46,False,0.30780061528893,0
10__1,47,False,0.3442161961919955,0
10__1,48,False,0.3400089547503371,0
10__1,49,False,0.34802544179880524,0
10__1,50,False,0.34588134886006433,0
10__1,51,False,0.3496797366243106,0
10__1,52,False,0.35379017986015915,0
10__1,53,False,0.36298072907687023,0
10__1,54,False,0.35707501651902135,0
10__1,55,False,0.3846209791175059,0
10__1,56,False,0.37965550225211847,0
11__0,0,True,0.5042932990244079,1
11__0,1,True,0.49504332252188205,0
11__0,2,True,0.521984390487898,1
11__0,3,True,0.5713378407650316,0
11__0,4,True,0.4467545205185221,0
11__0,5,True,0.6119434456516114,1
11__0,6,True,0.5423593780156667,0
11__0,7,True,0.5232045284410224,1
11__0,8,False,0.5227096962168121,1
11__0,9,False,0.5245705370501593,1
11__0,10,False,0.5552768513567845,0
11__0,11,False,0.5359027811461563,1
11__0,12,False,0.32101782484404684,0
11__0,13,False,0.42105156409505623,1
11__0,14,False,0.33371197023995897,1
11__0,15,False,0.44038127297099433,1
11__0,16,False,0.48955572358687566,0
11__0,17,False,0.24415474668580972,1
11__0,18,False,0.2790133799354665,0
11__0,19,False,0.4134997963085001,0
11__0,20,False,0.26294477200923594,0
11__0,21,False,0.2525690532409543,0
11__0,22,False,0.38972980272194324,1
11__0,23,False,0.4218589998726985,0
11__0,24,False,0.44332901266672375,1
11__0,25,False,0.45791280429262116,0
11__0,26,False,0.035139871638097765,0
11__0,27,False,0.4574846541676017,0
11__0,28,False,0.42465364250376936,0
11__1,0,True,0.423506220365638,0
11__1,1,True,0.41005994073692414,0
11__1,2,True,0.3948906016339825,0
11__1,3,True,0.3957953990066849,0
11__1,4,True,0.37071661487042235,0
11__1,5,True,0.5038301606789628,1
11__1,6,True,0.10290051831867109,0
11__1,7,True,0.19207065220980019,0
11__1,8,False,0.3007036374933719,0
11__1,9,False,0.28843923639235647,0
11__1,10,False,0.48949511238063753,1
11__1,11,False,0.13285217085195433,0
11__1,12,False,0.26631555956101033,0
11__1,13,False,0.33351645047857653,0
11__1,14,False,0.3511762662114374,0
11__1,15,False,0.35646843479591017,0
11__1,16,False,0.35564848167873203,0
11__1,17,False,0.3486840739840409,0
11__1,18,False,0.35736218018022,0
11__1,19,False,0.5021923260112641,0
11__1,20,False,0.638039335912042,1
11__1,21,False,0.21680329288362865,0
11__1,22,False,0.415096235734122,1
11__1,23,False,0.23121682176310288,0
11__1,24,False,0.2531657876468667,0
11__1,25,False,0.2917316002267929,0
11__1,26,False,0.20327502176237566,0
11__1,27,False,0.2285260008146313,0
11__1,28,False,0.3547949815601943,0
11__1,29,False,0.2620568881370882,0
11__1,30,False,0.5572480269971173,0
11__1,31,False,0.4920086441026722,0
11__1,32,False,0.5043948962200989,0
11__1,33,False,0.4371401026985816,0
11__1,34,False,0.7070333609549371,0
11__1,35,False,0.16770701904265428,0
11__1,36,False,0.27699641463611224,0
11__1,37,False,0.3060286365148306,0
11__1,38,False,0.4010688780878542,0
11__1,39,False,0.42313685065363055,1
11__1,40,False,0.40932336422735605,0
11__1,41,False,0.42525031091526194,0
11__1,42,False,0.4159041015932814,0
11__1,43,False,0.5797653741782048,0
11__1,44,False,0.572680153221252,0
11__1,45,False,0.45936641555662355,0
11__1,46,False,0.45290018167882984,0
11__1,47,False,0.41812381038228197,0
11__1,48,False,0.3302090863935799,0
11__1,49,False,0.3748145140309073,0
11__1,50,False,0.35150198538163313,0
11__1,51,False,0.3520210254759383,0
11__1,52,False,0.43138697282747035,0
11__1,53,False,0.44009911028388854,0
11__1,54,False,0.4312786858635475,0
11__1,55,False,0.46075151783867635,0
11__1,56,False,0.4506701487630725,0
11__1,57,False,0.44967493625730237,0
11__1,58,False,0.4226712688198629,0
12__0,0,True,0.5884672089540132,0
12__0,1,True,0.4167720920911635,1
12__0,2,True,0.5197695051271244,0
12__0,3,True,0.4856417885719045,0
12__0,4,True,0.4847743501615149,0
12__0,5,True,0.46829064361629497,0
12__0,6,True,0.493375542894045,0
12__0,7,True,0.41781066159456753,1
12__0,8,False,0.4230091202629552,0
12__0,9,False,0.41182936801269066,0
12__0,10,False,0.4124923407041309,0
12__0,11,False,0.4580058972295522,0
12__0,12,False,0.45365566701876836,0
12__0,13,False,0.45543836628003614,0
12__0,14,False,0.43966342094387983,0
12__0,15,False,0.4366061583504912,0
12__0,16,False,0.4247323700265286,1
12__0,17,False,0.44577894727748607,0
12__0,18,False,0.3784519076679552,0
12__0,19,False,0.3190648229902542,0
12__0,20,False,0.3176217712681464,0
12__0,21,False,0.3348322632787492,0
12__0,22,False,0.3304005774878833,0
12__0,23,False,0.3434271480216058,0
12__0,24,False,0.32327935823758236,0
12__0,25,False,0.31766317960214907,1
12__0,26,False,0.32072890643310553,0
12__0,27,False,0.3305697198680899,0
12__0,28,False,0.25514115611122284,0
12__0,29,False,0.32272547437345467,1
12__0,30,False,0.32988226190245723,1
12__0,31,False,0.30182827555323033,1
12__0,32,False,0.30860156127640115,1
12__0,33,False,0.30552698358092745,0
12__0,34,False,0.3025578330620037,0
12__0,35,False,0.30062834746352685,0
12__0,36,False,0.3080740217037782,0
12__0,37,False,0.017114676287389892,0
12__0,38,False,0.3099031751663646,0
12__0,39,False,0.3098086742755515,0
12__1,0,True,0.3618494294213396,0
12__1,1,True,0.29605672118717064,0
12__1,2,True,0.3470099629601471,0
12__1,3,True,0.34611385665391503,0
12__1,4,True,0.3363711702558682,0
12__1,5,True,0.33222723338897747,0
12__1,6,True,0.29383620202032484,0
12__1,7,True,0.3513275182238463,0
12__1,8,False,0.3486249184181366,0
12__1,9,False,0.3510449127641112,0
12__1,10,False,0.33270805821552774,0
12__1,11,False,0.32036752003538316,0
12__1,12,False,0.3422463233435743,0
12__1,13,False,0.257674243324277,0
12__1,14,False,0.4261127122435574,1
12__1,15,False,0.10164451200389008,0
12__1,16,False,0.21335963825030846,0
12__1,17,False,0.3211783302825131,0
12__1,18,False,0.32912608333168814,0
12__1,19,False,0.41674873440461885,0
12__1,20,False,0.3570017150118471,0
12__1,21,False,0.355198978962206,0
12__1,22,False,0.34697573529318926,0
12__1,23,False,0.3711118980133252,0
12__1,24,False,0.2913913045051618,0
12__1,25,False,0.3002932535009608,0
12__1,26,False,0.32250765493204375,0
12__1,27,False,0.17258418018509492,0
12__1,28,False,0.36742133320673687,0
12__1,29,False,0.4453152757947231,0
12__1,30,False,0.42381065360766645,0
12__1,31,False,0.2713394389196494,0
12__1,32,False,0.28038056299457337,0
12__1,33,False,0.28654897268102,0
12__1,34,False,0.3876077638600108,0
12__1,35,False,0.38763930862654894,0
12__1,36,False,0.382741712407656,0
12__1,37,False,0.28134033375888684,0
12__1,38,False,0.3819065651793812,0
12__1,39,False,0.4657175777991184,0
12__1,40,False,0.459733006593501,0
12__1,41,False,0.2851327941810231,0
12__1,42,False,0.4428105493822386,0
12__1,43,False,0.2931116527182044,0
12__1,44,False,0.29516265928035357,0
12__1,45,False,0.3936069545108723,0
12__1,46,False,0.39169810121824866,0
12__1,47,False,0.29078966851986926,0
12__1,48,False,0.28560181807919766,0
12__1,49,False,0.24792692982968662,0
12__1,50,False,0.25201483131461194,0
12__1,51,False,0.3484154409304002,0
12__1,52,False,0.34841546784769173,0
12__1,53,False,0.34740884903390945,0
12__1,54,False,0.17136995652859255,0
12__1,55,False,0.2608039229493434,0
12__1,56,False,0.25877061439833526,0
12__1,57,False,0.26221419042949695,0
12__1,58,False,0.3020718945667137,0
1__0,0,True,0.5549490168183792,0
1__0,1,True,0.5463761535674495,0
1__0,2,True,0.4954582816526275,0
1__0,3,True,0.45620108239318186,0
1__0,4,True,0.39641446746496767,0
1__0,5,True,0.36149596582351295,0
1__0,6,True,0.3373887641966815,0
1__0,7,True,0.3123558926734557,0
1__0,8,False,0.2656014422365739,0
1__0,9,False,0.26146094876568166,0
1__0,10,False,0.4354031530844851,0
1__0,11,False,0.21761682966714868,0
1__0,12,False,0.22950424508887196,0
1__0,13,False,0.2270477773390432,0
1__0,14,False,0.13122320377898178,1
1__0,15,False,0.09816230776603707,0
1__0,16,False,0.19004770493784456,1
1__0,17,False,0.20098882162316928,0
1__0,18,False,0.16625139986815818,0
1__0,19,False,0.19259692577620052,0
1__0,20,False,0.19659259959421133,0
1__0,21,False,0.1431354340551777,0
1__0,22,False,0.11591063539289642,0
1__0,23,False,0.10965074766220079,0
1__0,24,False,0.10658586331501113,1
1__0,25,False,0.20042035598791258,0
1__0,26,False,0.180674111206097,0
1__0,27,False,0.16218369598726,0
1__0,28,False,0.18022031586084347,0
1__0,29,False,0.18870932327557272,0
1__0,30,False,0.18808567833657902,0
1__0,31,False,0.16593976563243318,0
1__0,32,False,0.16773212697402007,1
1__0,33,False,0.17567603351354338,1
1__0,34,False,0.18246453509099858,0
1__0,35,False,0.23940222254763055,0
1__0,36,False,0.18204625294639748,0
1__0,37,False,0.06891034339982097,0
1__0,38,False,0.07033816333260423,0
1__0,39,False,0.09181781594077126,1
1__0,40,False,0.12027768194091604,1
1__0,41,False,0.15319322476414643,1
1__0,42,False,0.1528664391079647,0
1__0,43,False,0.154448005000207,0
1__0,44,False,0.15583649988061216,0
1__0,45,False,0.20074823637964057,0
1__0,46,False,0.004213222997800876,0
1__0,47,False,0.21124196060147477,0
1__0,48,False,0.21431943828852995,0
1__1,0,True,0.3994158937421646,0
1__1,1,True,0.41183371227284526,0
1__1,2,True,0.31302423354770476,0
1__1,3,True,0.31262119038923214,0
1__1,4,True,0.24568697009353674,0
1__1,5,True,0.2474139933656167,0
1__1,6,True,0.2565678206838006,0
1__1,7,True,0.32620724791364497,0
1__1,8,False,0.25326364079955677,0
1__1,9,False,0.2595591427177111,0
1__1,10,False,0.2622088694095235,0
1__1,11,False,0.33579798532214755,0
1__1,12,False,0.27473808275069855,0
1__1,13,False,0.4703160499905482,0
1__1,14,False,0.5837346998040295,1
1__1,15,False,0.2581323352505194,0
1__1,16,False,0.36035475933414884,0
1__1,17,False,0.2713024088903103,0
1__1,18,False,0.20369070723660654,0
1__1,19,False,0.20101561150486125,0
1__1,20,False,0.28659475547393964,0
1__1,21,False,0.35005390180474394,0
1__1,22,False,0.197469968787867,0
1__1,23,False,0.15912303138270878,0
1__1,24,False,0.16241537834053582,0
1__1,25,False,0.09451506064462628,0
1__1,26,False,0.04893124411894192,0
1__1,27,False,0.06670252431939401,0
1__1,28,False,0.11320341321155519,0
1__1,29,False,0.05613160564535125,0
1__1,30,False,0.09904266718945282,0
1__1,31,False,0.10477576058485111,0
1__1,32,False,0.17884531235913614,0
1__1,33,False,0.07947861789679367,0
1__1,34,False,0.0373825220334416,0
1__1,35,False,0.015428453067199411,0
1__1,36,False,0.04029124034563178,0
1__1,37,False,0.0379182532435563,0
1__1,38,False,0.03243656734655538,0
1__1,39,False,0.027711916156033696,0
1__1,40,False,0.13493325262300138,0
1__1,41,False,0.18317542115481017,0
1__1,42,False,0.2930099597493831,1
1__1,43,False,0.3477432103230553,0
1__1,44,False,0.07380832641630136,0
1__1,45,False,0.11793099404989821,0
1__1,46,False,0.13896220076921284,0
1__1,47,False,0.07907440980665725,0
1__1,48,False,0.11579673010899483,0
1__1,49,False,0.15373087311355382,0
1__1,50,False,0.16273606980455113,0
1__1,51,False,0.09176485720578775,0
1__1,52,False,0.1391588848038387,0
1__1,53,False,0.13882066278554683,0
1__1,54,False,0.09767864597911596,0
1__1,55,False,0.23403107700756887,0
2__0,0,True,0.5850148226048131,0
2__0,1,True,0.6110000568136889,0
2__0,2,True,0.5868041529261792,0
2__0,3,True,0.5687562186338779,0
2__0,4,True,0.5547790360443736,0
2__0,5,True,0.5397985422600852,0
2__0,6,True,0.5356096907098927,0
2__0,7,True,0.5205187432652317,0
2__0,8,False,0.508941061084366,0
2__0,9,False,0.4982663874400269,0
2__0,10,False,0.48268938644602183,0
2__0,11,False,0.47455130540251617,1
2__0,12,False,0.4851346350994343,0
2__0,13,False,0.30503497473134555,0
2__0,14,False,0.26370737399116917,0
2__0,15,False,0.4424938103029058,1
2__0,16,False,0.44725249147303714,0
2__0,17,False,0.39337349093444124,0
2__0,18,False,0.3793013868872924,0
2__0,19,False,0.36959029827980117,0
2__0,20,False,0.3529421502632243,0
2__0,21,False,0.3540683778430511,0
2__0,22,False,0.3636064014173586,0
2__0,23,False,0.2754505477525645,0
2__0,24,False,0.24854170201966186,0
2__0,25,False,0.2190646969866164,0
2__0,26,False,0.1772543538312406,0
2__0,27,False,0.18804659283493486,0
2__0,28,False,0.18925767454542186,0
2__0,29,False,0.1648435310104921,0
2__0,30,False,0.1607756135571568,0
2__0,31,False,0.1609629418916248,1
2__0,32,False,0.270402068173177,0
2__0,33,False,0.1894225268616866,1
2__0,34,False,0.22031570368433095,0
2__0,35,False,0.19880595527538253,0
2__0,36,False,0.1818229942123833,0
2__0,37,False,0.2813418857339992,1
2__0,38,False,0.20360945490047294,1
2__0,39,False,0.21392236537386394,1
2__0,40,False,0.22200021252363122,1
2__0,41,False,0.2279349040923509,1
2__0,42,False,0.20661103874666387,1
2__0,43,False,0.18791654885672104,0
2__0,44,False,0.04827594163632616,0
2__0,45,False,0.11461643467166532,0
2__0,46,False,0.1645578413691537,0
2__0,47,False,0.19023170109732918,1
2__0,48,False,0.20431467700907613,0
2__0,49,False,0.002979381715930383,0
2__0,50,False,0.24394411740979016,0
2__0,51,False,0.2852802182394357,0
2__1,0,True,0.35675754930403974,0
2__1,1,True,0.3007098726098507,0
2__1,2,True,0.3566081891145956,0
2__1,3,True,0.3543533916715843,0
2__1,4,True,0.35856021961361656,0
2__1,5,True,0.27796036287299,0
2__1,6,True,0.2895767613681228,0
2__1,7,True,0.2963003055362958,0
2__1,8,False,0.29519288051135717,0
2__1,9,False,0.30169004219649076,0
2__1,10,False,0.3839244625442558,0
2__1,11,False,0.5202045103362664,1
2__1,12,False,0.27124331290444753,0
2__1,13,False,0.3557950897525204,0
2__1,14,False,0.3719075807735316,0
2__1,15,False,0.364087501425919,0
2__1,16,False,0.2907182687635663,0
2__1,17,False,0.2364774150019534,0
2__1,18,False,0.24303919175122501,0
2__1,19,False,0.11252080160444988,0
2__1,20,False,0.16302858323369185,0
2__1,21,False,0.30958974911897696,0
2__1,22,False,0.056271086121373604,0
2__1,23,False,0.12809395717507938,0
2__1,24,False,0.03751828091370189,0
2__1,25,False,0.03017247672824425,0
2__1,26,False,0.0286724873789869,0
2__1,27,False,0.02606349618290749,0
2__1,28,False,0.03909798462348024,0
2__1,29,False,0.041837997182840515,0
2__1,30,False,0.02177003123279976,0
2__1,31,False,0.018458291189744992,0
2__1,32,False,0.01630152523197683,0
2__1,33,False,0.0667072385134601,0
2__1,34,False,0.025381778918888022,0
2__1,35,False,0.02479405508177335,0
2__1,36,False,0.008112286382061133,0
2__1,37,False,0.09780040399079187,0
2__1,38,False,0.4846178684477395,1
2__1,39,False,0.2012779307969682,1
2__1,40,False,0.2783292164578482,1
2__1,41,False,0.32992877841733526,0
2__1,42,False,0.3867266310206321,0
2__1,43,False,0.2132291989003942,0
2__1,44,False,0.2255544090392394,0
2__1,45,False,0.23919570605924145,0
2__1,46,False,0.4070864848937032,0
2__1,47,False,0.4004649522594783,0
2__1,48,False,0.3810043849545406,0
2__1,49,False,0.14717096529744822,1
2__1,50,False,0.20703420080911406,1
2__1,51,False,0.26174303370041924,0
2__1,52,False,0.31279488501224073,0
2__1,53,False,0.18170150575969995,0
2__1,54,False,0.1897399801980113,0
2__1,55,False,0.1493956207870169,0
2__1,56,False,0.16038454130023277,0
3__0,0,True,0.5704314609986467,0
3__0,1,True,0.4889553435404615,0
3__0,2,True,0.3685566219353033,0
3__0,3,True,0.3135260317093277,0
3__0,4,True,0.24444269007142716,0
3__0,5,True,0.2797764561416163,0
3__0,6,True,0.29024804449244934,0
3__0,7,True,0.32032988852717614,0
3__0,8,False,0.31267047048887886,0
3__0,9,False,0.31412206154474775,0
3__0,10,False,0.33703350272264043,0
3__0,11,False,0.16465669112961795,1
3__0,12,False,0.3172842467193928,0
3__0,13,False,0.2912079521836284,0
3__0,14,False,0.2577801112522182,0
3__0,15,False,0.17793464274978904,0
3__0,16,False,0.2028368496440187,1
3__0,17,False,0.22015370917903637,0
3__0,18,False,0.08436406952177272,0
3__0,19,False,0.06015981701668681,0
3__0,20,False,0.0940476608262884,1
3__0,21,False,0.08420483929238953,0
3__0,22,False,0.07496256980251714,0
3__0,23,False,0.21685876803984983,0
3__0,24,False,0.25326184703393945,0
3__0,25,False,0.20028627279004263,0
3__0,26,False,0.23658781283988634,0
3__0,27,False,0.2321021385298142,0
3__0,28,False,0.15099106935645562,0
3__0,29,False,0.15199350451311544,0
3__0,30,False,0.19744346082233377,0
3__0,31,False,0.23105620320046977,0
3__0,32,False,0.18427028461053657,0
3__0,33,False,0.21782360194744554,0
3__0,34,False,0.004733007502453772,0
3__0,35,False,0.22718092132514528,0
3__0,36,False,0.27675686032026814,0
3__1,0,True,0.3800256046752425,0
3__1,1,True,0.3951500954955467,0
3__1,2,True,0.34241423205045585,0
3__1,3,True,0.33320937081936486,0
3__1,4,True,0.35870909184352984,0
3__1,5,True,0.3570725204858044,0
3__1,6,True,0.3681055553206234,0
3__1,7,True,0.32942085697512435,0
3__1,8,False,0.5710801676956846,0
3__1,9,False,0.5694187824679593,0
3__1,10,False,0.4165099321792923,0
3__1,11,False,0.20030623899178462,0
3__1,12,False,0.2766325960653544,0
3__1,13,False,0.3065864503787039,0
3__1,14,False,0.2858129259106015,0
3__1,15,False,0.2832502702047708,0
3__1,16,False,0.2123198688848706,0
3__1,17,False,0.22141091194490875,0
3__1,18,False,0.22662045504065903,0
3__1,19,False,0.3104403582351347,0
3__1,20,False,0.21920818647884627,0
3__1,21,False,0.04932267376703826,0
3__1,22,False,0.05553527529150248,0
3__1,23,False,0.043529022287201256,0
3__1,24,False,0.028178946430396968,0
3__1,25,False,0.0417485472852012,0
3__1,26,False,0.06802981368560818,0
3__1,27,False,0.043767351216386606,0
3__1,28,False,0.028515379329082192,0
3__1,29,False,0.03527444120951983,0
3__1,30,False,0.03585573230421541,0
3__1,31,False,0.05962375893741908,0
3__1,32,False,0.21975651014924846,0
3__1,33,False,0.04832653571120239,0
3__1,34,False,0.5040077086182054,1
3__1,35,False,0.12313235470497624,0
3__1,36,False,0.12361561123040354,0
3__1,37,False,0.2002844496477013,1
3__1,38,False,0.10019614109165276,0
3__1,39,False,0.19646369719864232,0
3__1,40,False,0.20334703682716448,0
3__1,41,False,0.26450276583046983,0
3__1,42,False,0.29358083166063786,0
3__1,43,False,0.3019522778643078,0
3__1,44,False,0.2739424446444929,0
3__1,45,False,0.276648880756569,0
3__1,46,False,0.280641820566528,0
3__1,47,False,0.28237475408912605,0
3__1,48,False,0.2766270104771371,0
3__1,49,False,0.2906306884315781,0
3__1,50,False,0.296466757143721,0
3__1,51,False,0.21578318293318355,0
3__1,52,False,0.223204963599077,0
3__1,53,False,0.21397077595572167,0
3__1,54,False,0.2934569972694655,0
3__1,55,False,0.3068586040458317,0
3__1,56,False,0.23574988119258983,0
3__1,57,False,0.23843275390767887,0
4__0,0,True,0.41775209867828056,1
4__0,1,True,0.47528345384976933,0
4__0,2,True,0.3815719952816621,0
4__0,3,True,0.3978882935210154,0
4__0,4,True,0.36068100363623257,0
4__0,5,True,0.3225879595220055,0
4__0,6,True,0.3221070596208605,0
4__0,7,True,0.30178889562471256,0
4__0,8,False,0.28720496231607073,0
4__0,9,False,0.057415644820174326,0
4__0,10,False,0.0714238589172361,0
4__0,11,False,0.08791634150176003,0
4__0,12,False,0.04355447939079935,0
4__0,13,False,0.131898300717874,0
4__0,14,False,0.18030052758795112,0
4__0,15,False,0.2065807972467561,0
4__0,16,False,0.23456742663244862,0
4__0,17,False,0.24345660314417006,0
4__0,18,False,0.2321839961057131,0
4__0,19,False,0.25547942559180137,0
4__0,20,False,0.24747366137527954,0
4__0,21,False,0.2221045890433816,0
4__0,22,False,0.19853215356217047,0
4__0,23,False,0.19606047195987092,0
4__0,24,False,0.19820813723040576,0
4__0,25,False,0.20173980852642376,1
4__0,26,False,0.26037123432064735,1
4__0,27,False,0.14325314322024585,0
4__0,28,False,0.14602197915052662,0
4__0,29,False,0.1224375048942487,0
4__0,30,False,0.10404036432432207,0
4__0,31,False,0.11353604828216851,1
4__0,32,False,0.14914712716929918,0
4__0,33,False,0.23279837391886882,0
4__0,34,False,0.2389102605802378,0
4__0,35,False,0.24676572487833454,0
4__0,36,False,0.12257464908780663,0
4__0,37,False,0.1512277153506248,0
4__0,38,False,0.18747295444787743,1
4__0,39,False,0.18790097088131213,0
4__0,40,False,0.189263957973269,0
4__0,41,False,0.19038309325984504,0
4__0,42,False,0.2373087909813929,0
4__0,43,False,0.011688197423628964,0
4__0,44,False,0.24744403821770278,0
4__0,45,False,0.24955947075096901,0
4__1,0,True,0.4095868595811447,1
4__1,1,True,0.49209861703393104,0
4__1,2,True,0.4003893902139257,0
4__1,3,True,0.39389536115657,0
4__1,4,True,0.3771066518531862,0
4__1,5,True,0.3653753707702465,0
4__1,6,True,0.20085325858079822,0
4__1,7,True,0.2996659131592584,0
4__1,8,False,0.6461691632999675,1
4__1,9,False,0.13804242790799298,0
4__1,10,False,0.21574290957441494,0
4__1,11,False,0.308693621020809,0
4__1,12,False,0.3774376669320449,0
4__1,13,False,0.3169492916956066,0
4__1,14,False,0.31591133300413465,0
4__1,15,False,0.23047927306774008,0
4__1,16,False,0.2307120633758734,0
4__1,17,False,0.10790206472776226,0
4__1,18,False,0.17789665276917788,0
4__1,19,False,0.1147634922434661,0
4__1,20,False,0.10872863173945424,0
4__1,21,False,0.36229512824264926,0
4__1,22,False,0.3474150342743708,0
4__1,23,False,0.40571348430081744,0
4__1,24,False,0.09553308264245741,0
4__1,25,False,0.09629148156986261,0
4__1,26,False,0.2812027857260083,0
4__1,27,False,0.2351030800310388,0
4__1,28,False,0.32454125818155255,0
4__1,29,False,0.13713655465558922,0
4__1,30,False,0.24567042272578743,0
4__1,31,False,0.3071535698981719,0
4__1,32,False,0.2961316306075614,0
4__1,33,False,0.3068173560778945,0
4__1,34,False,0.3607590674882399,0
4__1,35,False,0.3671633094984915,0
4__1,36,False,0.5188037536236454,0
4__1,37,False,0.5734362406011411,0
4__1,38,False,0.5825900212898663,1
4__1,39,False,0.5839009630788753,0
4__1,40,False,0.3966710785162628,0
4__1,41,False,0.39651188567870277,0
4__1,42,False,0.32248983795323366,0
4__1,43,False,0.32778441367183164,0
4__1,44,False,0.4996421138634398,0
4__1,45,False,0.42173462897671,0
4__1,46,False,0.46408287006277965,0
4__1,47,False,0.5226857695627782,1
4__1,48,False,0.2239273474270882,0
4__1,49,False,0.3108786741947356,0
4__1,50,False,0.20944596429462342,0
4__1,51,False,0.2772268030247078,0
4__1,52,False,0.2136382098655803,0
4__1,53,False,0.269567613165666,0
4__1,54,False,0.20793607420159743,0
4__1,55,False,0.23430215575706204,0
4__1,56,False,0.23157522395910235,0
4__1,57,False,0.22638842253538827,0
4__1,58,False,0.3607657533471025,0
5__0,0,True,0.3631371536138882,0
5__0,1,True,0.46420596144535636,1
5__0,2,True,0.5179723882301931,0
5__0,3,True,0.3072945993344766,1
5__0,4,True,0.3308983511718423,0
5__0,5,True,0.45828066971938036,0
5__0,6,True,0.4364129428361716,0
5__0,7,True,0.3182837832410483,0
5__0,8,False,0.41880910178629,0
5__0,9,False,0.3056799663700926,0
5__0,10,False,0.30741406964590456,0
5__0,11,False,0.33498628652360857,0
5__0,12,False,0.34721942836919295,0
5__0,13,False,0.26881179474321304,0
5__0,14,False,0.20878933982934972,0
5__0,15,False,0.20631064038643548,0
5__0,16,False,0.1787705272136172,0
5__0,17,False,0.17710220318110087,0
5__0,18,False,0.08857726227900331,0
5__0,19,False,0.3457771750431988,0
5__0,20,False,0.34945501866248696,0
5__0,21,False,0.33584835007338887,1
5__0,22,False,0.40873795991940237,0
5__0,23,False,0.20453697365897128,1
5__0,24,False,0.25664880449930505,1
5__0,25,False,0.28786526002116,0
5__0,26,False,0.21230475372924107,0
5__0,27,False,0.20875392885874172,0
5__0,28,False,0.18994781096552182,1
5__0,29,False,0.1952831963909214,1
5__0,30,False,0.0374740623090648,0
5__0,31,False,0.09666481703667495,0
5__0,32,False,0.001898364213284569,0
5__0,33,False,0.11870973588739325,0
5__0,34,False,0.16915191025839754,0
5__1,0,True,0.38657806417735896,0
5__1,1,True,0.4036997313098056,0
5__1,2,True,0.45380359717015284,0
5__1,3,True,0.3058841362527427,0
5__1,4,True,0.31712786706870416,0
5__1,5,True,0.37682256727917945,0
5__1,6,True,0.5624462748171786,1
5__1,7,True,0.3152034661745722,1
5__1,8,False,0.4354861196002395,1
5__1,9,False,0.49768358696814996,0
5__1,10,False,0.5474881349854976,1
5__1,11,False,0.5470124916171741,0
5__1,12,False,0.5613119494480006,0
5__1,13,False,0.5488411438748375,1
5__1,14,False,0.3427536548881016,0
5__1,15,False,0.36795611772641956,0
5__1,16,False,0.3428220637631636,0
5__1,17,False,0.3404677919938751,0
5__1,18,False,0.4040631554385671,0
5__1,19,False,0.346850294068522,0
5__1,20,False,0.3520885974266287,0
5__1,21,False,0.36910199514566366,0
5__1,22,False,0.24152159532162348,0
5__1,23,False,0.07508590254329468,0
5__1,24,False,0.0884986725225464,0
5__1,25,False,0.39668268130355794,0
5__1,26,False,0.3510886970994287,0
5__1,27,False,0.460643751699717,1
5__1,28,False,0.519622377503304,0
5__1,29,False,0.5728889223922541,1
5__1,30,False,0.5708822385971621,1
5__1,31,False,0.5841114076064008,0
5__1,32,False,0.44391259714367276,0
5__1,33,False,0.4677556823543768,0
5__1,34,False,0.39091738928314224,0
5__1,35,False,0.40012104484315547,0
5__1,36,False,0.3942237604973111,0
5__1,37,False,0.6989806843802371,0
5__1,38,False,0.609412435750129,0
5__1,39,False,0.68334147196053,1
5__1,40,False,0.5922815040170513,0
5__1,41,False,0.411741472302724,0
5__1,42,False,0.6772053580562059,1
5__1,43,False,0.5886106930201422,0
5__1,44,False,0.519964393663161,0
5__1,45,False,0.6215365310728358,1
5__1,46,False,0.11895365144695647,0
5__1,47,False,0.2529078622075568,0
5__1,48,False,0.30375144239503404,0
5__1,49,False,0.36927294358759555,0
5__1,50,False,0.4338618853171166,0
5__1,51,False,0.3882145538271754,0
5__1,52,False,0.42482977275814304,0
5__1,53,False,0.43084421763373026,1
5__1,54,False,0.2386969663734338,0
5__1,55,False,0.3294031371173148,0
5__1,56,False,0.36687952911145816,0
5__1,57,False,0.40815525024202326,0
6__0,0,True,0.6844878841625028,1
6__0,1,True,0.7065181438442356,1
6__0,2,True,0.6949689273152608,0
6__0,3,True,0.7383918538321658,1
6__0,4,True,0.6379434591924378,0
6__0,5,True,0.6650884356471426,1
6__0,6,True,0.6445091397034759,1
6__0,7,True,0.14024976039073817,0
6__0,8,False,0.19449109106053397,0
6__0,9,False,0.2737152327721327,0
6__0,10,False,0.23608086085957553,1
6__0,11,False,0.26072166350622467,1
6__0,12,False,0.4142560897436641,1
6__0,13,False,0.42512810647961147,1
6__0,14,False,0.4327906179759221,0
6__0,15,False,0.45357460399585453,0
6__0,16,False,0.4519894806581265,1
6__0,17,False,0.4556854311874716,0
6__0,18,False,0.4383858195248784,1
6__0,19,False,0.4969813463241802,1
6__0,20,False,0.5278536818311618,1
6__0,21,False,0.5306074109353561,0
6__0,22,False,0.5242114419810823,0
6__0,23,False,0.45096173880976675,0
6__0,24,False,0.3717984963126598,0
6__0,25,False,0.5122601212104674,0
6__0,26,False,0.5034492391474273,1
6__0,27,False,0.3553712780867949,0
6__0,28,False,0.4605520904163859,1
6__0,29,False,0.48144515666613324,1
6__0,30,False,0.4960178957373078,1
6__0,31,False,0.4649249908518286,1
6__0,32,False,0.2330571929358694,0
6__0,33,False,0.32330111779517434,1
6__0,34,False,0.4835732324796472,1
6__1,0,True,0.3345004427830469,0
6__1,1,True,0.3399626577805178,0
6__1,2,True,0.360102232575897,0
6__1,3,True,0.30812345445262335,0
6__1,4,True,0.3591967438534661,0
6__1,5,True,0.279360114399157,0
6__1,6,True,0.3634411104771671,0
6__1,7,True,0.2942038298220502,0
6__1,8,False,0.29450264546707483,0
6__1,9,False,0.2957829901333212,0
6__1,10,False,0.28564353171072887,0
6__1,11,False,0.3620473514570427,0
6__1,12,False,0.3707593869678635,0
6__1,13,False,0.20701980668603498,0
6__1,14,False,0.20761285954891623,0
6__1,15,False,0.30538480123587863,0
6__1,16,False,0.21565177363854426,0
6__1,17,False,0.09980885104184778,0
6__1,18,False,0.2416494928577516,0
6__1,19,False,0.23952961043031856,0
6__1,20,False,0.23200558442766284,0
6__1,21,False,0.33577744809896104,0
6__1,22,False,0.6202363766859676,1
6__1,23,False,0.13466361634308377,0
6__1,24,False,0.18668645137114598,0
6__1,25,False,0.27317632076911147,0
6__1,26,False,0.3361751991275984,0
6__1,27,False,0.2888667582096539,0
6__1,28,False,0.36839310719055096,0
6__1,29,False,0.36537112038478126,0
6__1,30,False,0.3773117317938844,0
6__1,31,False,0.402995396602764,0
6__1,32,False,0.43733200894657953,0
6__1,33,False,0.6053441674719314,1
6__1,34,False,0.6007360610539045,0
6__1,35,False,0.4612744710740839,0
6__1,36,False,0.6455840179389809,0
6__1,37,False,0.6352674404990833,1
6__1,38,False,0.5998101915018527,0
6__1,39,False,0.5929864908087082,0
6__1,40,False,0.589299312340899,0
6__1,41,False,0.41326170019181524,0
6__1,42,False,0.2628457000523279,0
6__1,43,False,0.3379359302459616,0
6__1,44,False,0.33459541185798064,0
6__1,45,False,0.3465924656574621,0
6__1,46,False,0.31929055239311144,0
6__1,47,False,0.3479542020244105,0
6__1,48,False,0.33974999738663036,0
6__1,49,False,0.28332938828405063,0
6__1,50,False,0.35740443916614295,0
6__1,51,False,0.3671296280398705,0
6__1,52,False,0.6387996559743817,1
6__1,53,False,0.12082983715590989,1
6__1,54,False,0.25678874212123703,0
6__1,55,False,0.25769426304093845,0
6__1,56,False,0.25466215176509743,0
6__1,57,False,0.33483209654646984,0
6__1,58,False,0.2872648917081634,0
7__0,0,True,0.6649042561607019,1
7__0,1,True,0.6931307267443683,1
7__0,2,True,0.6516314819538741,1
7__0,3,True,0.664911424659144,1
7__0,4,True,0.6244977110206155,1
7__0,5,True,0.6210157565646879,0
7__0,6,True,0.6060423593665427,0
7__0,7,True,0.5978002302653187,1
7__0,8,False,0.5918128791587692,1
7__0,9,False,0.5936736398455823,1
7__0,10,False,0.5905684241459651,1
7__0,11,False,0.5860377054307236,0
7__0,12,False,0.5868784476721931,0
7__0,13,False,0.5815507183709608,1
7__0,14,False,0.5787076317531884,0
7__0,15,False,0.37526666730516967,0
7__0,16,False,0.3477007818548034,0
7__0,17,False,0.3084626490432303,0
7__0,18,False,0.3966129443964156,0
7__0,19,False,0.2573852025195319,0
7__0,20,False,0.333288786470042,1
7__0,21,False,0.3302873145828966,0
7__0,22,False,0.24701408369795763,0
7__0,23,False,0.3629893417537025,0
7__0,24,False,0.3223033760483678,0
7__0,25,False,0.31541356636208495,0
7__0,26,False,0.30357194007334165,0
7__0,27,False,0.25759469062930646,0
7__0,28,False,0.2643364494130499,1
7__0,29,False,0.3665344409182876,0
7__0,30,False,0.39025429220395824,0
7__0,31,False,0.4021715190808465,1
7__0,32,False,0.4169303801230177,1
7__0,33,False,0.4714158122829606,0
7__0,34,False,0.4936559748568512,1
7__0,35,False,0.5056645881326816,1
7__0,36,False,0.4768268010320728,0
7__0,37,False,0.309898439579601,0
7__0,38,False,0.27626857821118733,0
7__0,39,False,0.1777782673280141,0
7__0,40,False,0.30286719327443234,0
7__1,0,True,0.434546998626568,0
7__1,1,True,0.40353101997023894,0
7__1,2,True,0.24313883179819462,0
7__1,3,True,0.3042323055275724,0
7__1,4,True,0.3915250197486594,0
7__1,5,True,0.3058705027982861,0
7__1,6,True,0.24796701639376922,0
7__1,7,True,0.24805084299455826,0
7__1,8,False,0.34548970102711274,0
7__1,9,False,0.23220056994865973,0
7__1,10,False,0.22646285279863576,0
7__1,11,False,0.1602037056952894,0
7__1,12,False,0.2330359362430504,0
7__1,13,False,0.2965532813015227,0
7__1,14,False,0.402585467798877,0
7__1,15,False,0.49429637191518916,1
7__1,16,False,0.06091695127015257,0
7__1,17,False,0.17022291853796412,0
7__1,18,False,0.26669281147966656,0
7__1,19,False,0.3175235344179523,0
7__1,20,False,0.3592578138689632,0
7__1,21,False,0.4355785347856879,1
7__1,22,False,0.4270590587621996,1
7__1,23,False,0.4852244340556254,1
7__1,24,False,0.536201195803342,1
7__1,25,False,0.5371815610569556,1
7__1,26,False,0.5611999175102519,1
7__1,27,False,0.5602276558141529,0
7__1,28,False,0.007281060356889862,0
7__1,29,False,0.5629920505010633,0
7__1,30,False,0.5881501519534688,1
7__1,31,False,0.20545350846875554,0
7__1,32,False,0.2272937540901261,0
7__1,33,False,0.32826826741510584,0
7__1,34,False,0.535454048338306,1
7__1,35,False,0.5889896338257454,0
7__1,36,False,0.6105380642291881,0
7__1,37,False,0.3897538718046975,0
7__1,38,False,0.4078871496297542,0
7__1,39,False,0.3810115805174411,0
7__1,40,False,0.5790886154971037,1
7__1,41,False,0.6702718025591489,1
7__1,42,False,0.3931488078729253,0
7__1,43,False,0.3854110883718425,0
7__1,44,False,0.3838616777196392,0
7__1,45,False,0.4039708065453072,0
7__1,46,False,0.4757231612203898,0
7__1,47,False,0.6923489275930669,1
7__1,48,False,0.6941380302563251,0
7__1,49,False,0.5398814377695864,0
7__1,50,False,0.3443285729130749,0
7__1,51,False,0.6608593342606448,1
7__1,52,False,0.34335746083386076,0
7__1,53,False,0.2864399129191285,0
7__1,54,False,0.3346749953050431,0
8__0,0,True,0.5824907880003434,0
8__0,1,True,0.6159000650024491,1
8__0,2,True,0.6103683742845396,0
8__0,3,True,0.5992280491860428,1
8__0,4,True,0.5954576083754702,0
8__0,5,True,0.5875065161683878,0
8__0,6,True,0.5918524147970514,0
8__0,7,True,0.5798852199774043,1
8__0,8,False,0.578880235277018,1
8__0,9,False,0.5760888194587979,0
8__0,10,False,0.567996722364973,0
8__0,11,False,0.5641365234664112,1
8__0,12,False,0.5811791537546078,1
8__0,13,False,0.5816837163123777,1
8__0,14,False,0.5780540085224197,1
8__0,15,False,0.5768230135310931,0
8__0,16,False,0.5732270300410005,1
8__0,17,False,0.5765968635507634,1
8__0,18,False,0.5944150347300107,1
8__0,19,False,0.574691914486539,0
8__0,20,False,0.6812719834542965,1
8__0,21,False,0.455950034049668,0
8__0,22,False,0.4472107795692941,0
8__0,23,False,0.3759788370963777,0
8__0,24,False,0.3592170699340196,0
8__0,25,False,0.3691316552090623,0
8__0,26,False,0.30921584803073043,0
8__0,27,False,0.35942087620745433,0
8__0,28,False,0.19166612546729506,0
8__0,29,False,0.25446479820490353,0
8__0,30,False,0.06044833604685516,0
8__0,31,False,0.0985171982367039,0
8__0,32,False,0.07326442568754425,0
8__0,33,False,0.06321001390768667,0
8__0,34,False,0.31680165624073675,0
8__0,35,False,0.33553636076455345,0
8__0,36,False,0.35775292294343997,1
8__0,37,False,0.3674055786995173,0
8__0,38,False,0.37323078509531793,0
8__0,39,False,0.3518863747574654,0
8__0,40,False,0.34919995232490864,0
8__0,41,False,0.4100825132991983,1
8__0,42,False,0.41917480002660235,1
8__0,43,False,0.3860817285179736,0
8__0,44,False,0.3829465101680727,0
8__0,45,False,0.3814414795848008,0
8__0,46,False,0.4236618881844999,0
8__0,47,False,0.26546765640730313,0
8__0,48,False,0.31004912620722896,1
8__0,49,False,0.2260867040309934,1
8__0,50,False,0.003506679582162195,1
8__0,51,False,0.2936378247765903,0
8__0,52,False,0.34156708017356174,0
8__1,0,True,0.09476354470060383,0
8__1,1,True,0.35318011272682015,0
8__1,2,True,0.38914557686705503,0
8__1,3,True,0.40509210160662934,0
8__1,4,True,0.395123994456383,0
8__1,5,True,0.2418274167596785,0
8__1,6,True,0.25308699475913377,0
8__1,7,True,0.2441107283307627,0
8__1,8,False,0.23946113272018354,0
8__1,9,False,0.23635251566745596,0
8__1,10,False,0.23461925972773517,0
8__1,11,False,0.23324052134450363,0
8__1,12,False,0.24999267868266795,0
8__1,13,False,0.3146521505748767,0
8__1,14,False,0.3906065836940928,0
8__1,15,False,0.2975374185802918,0
8__1,16,False,0.30478703460138584,0
8__1,17,False,0.42319200812396973,0
8__1,18,False,0.4985466394085324,1
8__1,19,False,0.06982505093515297,0
8__1,20,False,0.14868360588297158,0
8__1,21,False,0.2280447489129659,0
8__1,22,False,0.291415157926486,0
8__1,23,False,0.6130666238197939,1
8__1,24,False,0.2612242868147776,1
8__1,25,False,0.4156061673456352,1
8__1,26,False,0.47514346984718453,1
8__1,27,False,0.5503014194631843,1
8__1,28,False,0.5664412213717688,0
8__1,29,False,0.5386228620772173,1
8__1,30,False,0.5464725279635533,1
8__1,31,False,0.5794190054313682,1
8__1,32,False,0.2060258736948713,0
8__1,33,False,0.19741233827866544,1
8__1,34,False,0.2898269293046901,0
8__1,35,False,0.5346041650511493,1
8__1,36,False,0.5909708840435077,0
8__1,37,False,0.38403576943333495,0
8__1,38,False,0.6142138821747672,0
8__1,39,False,0.31356578187344764,0
8__1,40,False,0.5264923974359681,1
8__1,41,False,0.5984514163234932,0
8__1,42,False,0.34274033915988966,0
8__1,43,False,0.34498196209617793,0
8__1,44,False,0.3406632053330046,0
8__1,45,False,0.4346502857460851,0
8__1,46,False,0.29108124224226284,0
8__1,47,False,0.29501421708022,0
8__1,48,False,0.30433855972294377,0
8__1,49,False,0.3926482284049011,0
8__1,50,False,0.3110169937873878,0
8__1,51,False,0.7257902047541666,1
8__1,52,False,0.48724689850182173,0
8__1,53,False,0.3697032847353268,0
8__1,54,False,0.40030081453321814,0
8__1,55,False,0.3996319260358171,0
9__0,0,True,0.6581535716918439,0
9__0,1,True,0.548214178364948,0
9__0,2,True,0.4580549821137425,0
9__0,3,True,0.46515944478734655,0
9__0,4,True,0.43996459343836924,0
9__0,5,True,0.42572728927694026,0
9__0,6,True,0.4009102597338469,0
9__0,7,True,0.3863451175878494,0
9__0,8,False,0.3738760484548401,0
9__0,9,False,0.3630907522296515,0
9__0,10,False,0.3536760758213192,0
9__0,11,False,0.36430059180724356,0
9__0,12,False,0.32438602717220544,0
9__0,13,False,0.32188292633972265,1
9__0,14,False,0.33550154262871734,0
9__0,15,False,0.31159542751896696,0
9__0,16,False,0.3520941433649358,0
9__0,17,False,0.18784405144952554,1
9__0,18,False,0.46139575140551614,0
9__0,19,False,0.2594121948579739,0
9__0,20,False,0.1943751634242578,0
9__0,21,False,0.22133250118569214,0
9__0,22,False,0.2683094701077341,0
9__0,23,False,0.2815217319911829,1
9__0,24,False,0.29097944135788467,0
9__0,25,False,0.2966068485264196,0
9__0,26,False,0.30226385129072203,1
9__0,27,False,0.31277640569299836,1
9__0,28,False,0.3189647579798462,1
9__0,29,False,0.32828684928545576,0
9__0,30,False,0.3440648345598614,1
9__0,31,False,0.3514713474978316,1
9__0,32,False,0.3454584278379376,0
9__0,33,False,0.34477365118605074,1
9__0,34,False,0.19407650289448541,0
9__0,35,False,0.2677183912081552,1
9__0,36,False,0.3232852156159153,1
9__0,37,False,0.33393246496835693,1
9__0,38,False,0.30464727076350007,1
9__0,39,False,0.28517199475927735,0
9__0,40,False,0.31379740013672786,0
9__0,41,False,0.31141537366639893,1
9__0,42,False,0.3151156171019759,0
9__0,43,False,0.002726481679720471,0
9__0,44,False,0.2584335363227299,0
9__0,45,False,0.25798355044794974,1
9__1,0,True,0.3360206210177834,0
9__1,1,True,0.3443682003889249,0
9__1,2,True,0.3086039036672503,0
9__1,3,True,0.19376381962810896,0
9__1,4,True,0.19567080565643136,0
9__1,5,True,0.1963417538728155,0
9__1,6,True,0.13710399729121348,0
9__1,7,True,0.21110234112504922,0
9__1,8,False,0.13794349745744405,0
9__1,9,False,0.20972514716686053,0
9__1,10,False,0.2072491771288113,0
9__1,11,False,0.20464263213516193,0
9__1,12,False,0.30618128797489574,0
9__1,13,False,0.315463018264013,0
9__1,14,False,0.3922881743129385,0
9__1,15,False,0.30705988548518925,0
9__1,16,False,0.36348551221131437,0
9__1,17,False,0.6121940057194764,1
9__1,18,False,0.23647323469862103,0
9__1,19,False,0.3683825665354842,0
9__1,20,False,0.4036156056096644,0
9__1,21,False,0.3872137142905814,0
9__1,22,False,0.31564835010526515,0
9__1,23,False,0.22731397127359976,0
9__1,24,False,0.2327096802172568,0
9__1,25,False,0.11336718308598698,0
9__1,26,False,0.35775732197327964,0
9__1,27,False,0.20647123275272938,0
9__1,28,False,0.4275471204454572,0
9__1,29,False,0.36326223032030835,0
9__1,30,False,0.3888213814396474,0
9__1,31,False,0.3994281511650919,0
9__1,32,False,0.40453365423083554,0
9__1,33,False,0.3925929959095648,0
9__1,34,False,0.44446337550049636,0
9__1,35,False,0.40840499806888986,0
9__1,36,False,0.6769226507646358,1
9__1,37,False,0.260872477778748,1
9__1,38,False,0.3766252662562626,1
9__1,39,False,0.4520970442878335,0
9__1,40,False,0.34549076663742456,0
9__1,41,False,0.3478962546533929,0
9__1,42,False,0.3438949150628602,0
9__1,43,False,0.31566707977819153,0
9__1,44,False,0.38011909295932544,0
9__1,45,False,0.2871164941587494,0
9__1,46,False,0.3466308287672728,0
9__1,47,False,0.35684587760963643,0
9__1,48,False,0.38785641427138356,0
9__1,49,False,0.324159365693012,0
9__1,50,False,0.3767380247448588,0
9__1,51,False,0.37102919853313443,0
9__1,52,False,0.3092119567258672,0
9__1,53,False,0.30621110696550186,0
9__1,54,False,0.32086291460789795,0
9__1,55,False,0.32378736525294505,0
9__1,56,False,0.3217423909135676,0
9__1,57,False,0.39375565073859,0
