group,wip,uplift
0,0.0,0.0
0,75.0,0.028482110459195076
0,150.0,0.03299734878329097
0,225.0,0.03564945344499057
0,300.0,0.03753418467289793
0,375.0,0.03899737058123939
0,450.0,0.04019353632610628
0,525.0,0.04120526182974957
0,600.0,0.04208190008231452
0,675.0,0.04285531257231062
0,750.0,0.04354726840702122
0,825.0,0.04417330258353622
0,900.0,0.044744890306292334
0,975.0,0.045270748929323784
0,1050.0,0.045757656513613604
0,1125.0,0.046210987556578736
0,1200.0,0.04663507561869884
0,1275.0,0.04703346591106328
0,1350.0,0.047409095630995046
0,1425.0,0.047764425510295
0,1500.0,0.048101537604913674
0,1575.0,0.04842220921642931
0,1650.0,0.04872796961196149
0,1725.0,0.049020144133038485
0,1800.0,0.049299888915364215
0,1875.0,0.04956821852016888
0,1950.0,0.04982602814584161
0,2025.0,0.050074111647489455
0,2100.0,0.050313176279409955
0,2175.0,0.050543854850624015
0,2250.0,0.050766715819782676
0,2325.0,0.050982271734922924
0,2400.0,0.05119098633341182
0,2475.0,0.051393280549477866
0,2550.0,0.05158953762502008
0,2625.0,0.05178010747967057
0,2700.0,0.05196531046532277
0,2775.0,0.05214544060632145
0,2850.0,0.052320768407615986
0,2925.0,0.05249154329821262
0,3000.0,0.05265799576532815
1,0.0,0.0
1,75.0,0.028482110459195076
1,150.0,0.032997348783291
1,225.0,0.035649453444990584
1,300.0,0.037534184672897986
1,375.0,0.03899737058123942
1,450.0,0.04019353632610631
1,525.0,0.04120526182974958
1,600.0,0.04208190008231458
1,675.0,0.04285531257231068
1,750.0,0.043547268407021264
1,825.0,0.044173302583536245
1,900.0,0.044744890306292376
1,975.0,0.0452707489293238
1,1050.0,0.045757656513613645
1,1125.0,0.04621098755657879
1,1200.0,0.04663507561869887
1,1275.0,0.04703346591106332
1,1350.0,0.047409095630995046
1,1425.0,0.04776442551029504
1,1500.0,0.0481015376049137
1,1575.0,0.048422209216429354
1,1650.0,0.04872796961196149
1,1725.0,0.049020144133038526
1,1800.0,0.04929988891536426
1,1875.0,0.049568218520168905
1,1950.0,0.049826028145841625
1,2025.0,0.050074111647489455
1,2100.0,0.05031317627940998
1,2175.0,0.05054385485062403
1,2250.0,0.05076671581978269
1,2325.0,0.05098227173492295
1,2400.0,0.05119098633341186
1,2475.0,0.05139328054947788
1,2550.0,0.05158953762502011
1,2625.0,0.0517801074796706
1,2700.0,0.05196531046532281
1,2775.0,0.05214544060632152
1,2850.0,0.052320768407616014
1,2925.0,0.05249154329821268
1,3000.0,0.05265799576532815
2,0.0,0.0
2,75.0,0.029300383968948004
2,150.0,0.033945342312075605
2,225.0,0.03667364030898715
2,300.0,0.038612518705483406
2,375.0,0.04011774104474011
2,450.0,0.04134827189551096
2,525.0,0.0423890636504055
2,600.0,0.04329088718061126
2,675.0,0.044086519335599636
2,750.0,0.044798354635712676
2,825.0,0.04544237438894873
2,900.0,0.046030383475307884
2,975.0,0.04657134969304222
2,1050.0,0.04707224583265675
2,1125.0,0.04753860079757244
2,1200.0,0.04797487264879524
2,1275.0,0.04838470844914801
2,1350.0,0.048771129779825576
2,1425.0,0.049136668067939634
2,1500.0,0.04948346518562703
2,1575.0,0.04981334949524695
2,1650.0,0.050127894198822354
2,1725.0,0.050428462714128305
2,1800.0,0.05071624439193609
2,1875.0,0.05099228294119584
2,1950.0,0.05125749927879568
2,2025.0,0.05151271006681141
2,2100.0,0.05175864287852147
2,2175.0,0.051995948703160544
2,2250.0,0.05222521233084697
2,2325.0,0.05244696103480752
2,2400.0,0.05266167187529848
2,2475.0,0.0528697778797297
2,2550.0,0.05307167330030424
2,2625.0,0.05326771810962992
2,2700.0,0.05345824186311299
2,2775.0,0.053643547032236755
2,2850.0,0.05382391189339128
2,2925.0,0.053999593041524796
2,3000.0,0.05417082758560991
3,0.0,0.0
3,75.0,0.028914024074481168
3,150.0,0.033497733199265564
3,225.0,0.0361900553902874
3,300.0,0.03810336740330393
3,375.0,0.039588741622318915
3,450.0,0.040803046481985114
3,525.0,0.04183011417807521
3,600.0,0.042720046108350854
3,675.0,0.043505186921117836
3,750.0,0.044207635838727485
3,825.0,0.044843163436906544
3,900.0,0.045423418934480195
3,975.0,0.045957251878772934
3,1050.0,0.046451543115876834
3,1125.0,0.046911748644142784
3,1200.0,0.04734226773981888
3,1275.0,0.04774669937493135
3,1350.0,0.04812802528758646
3,1425.0,0.04848874352506337
3,1500.0,0.04883096771640506
3,1575.0,0.0491565021148707
3,1650.0,0.049466899177971216
3,1725.0,0.049763504345220796
3,1800.0,0.05004749128440723
3,1875.0,0.050319889941955256
3,1950.0,0.05058160909138458
3,2025.0,0.05083345462612483
3,2100.0,0.05107614452554819
3,2175.0,0.05131032119483349
3,2250.0,0.05153656171295616
3,2325.0,0.05175538640042769
3,2400.0,0.051967266026905864
3,2475.0,0.05217262790982673
3,2550.0,0.0523718611027162
3,2625.0,0.05256532083152134
3,2700.0,0.052753332306074305
3,2775.0,0.0529361940094175
3,2850.0,0.0531141805485406
3,2925.0,0.05328754513488697
3,3000.0,0.053456521750869415
4,0.0,0.0
4,75.0,0.028482110459195076
4,150.0,0.03299734878329097
4,225.0,0.03564945344499057
4,300.0,0.03753418467289796
4,375.0,0.03899737058123939
4,450.0,0.04019353632610628
4,525.0,0.04120526182974957
4,600.0,0.04208190008231452
4,675.0,0.04285531257231065
4,750.0,0.04354726840702125
4,825.0,0.04417330258353622
4,900.0,0.04474489030629236
4,975.0,0.045270748929323784
4,1050.0,0.045757656513613604
4,1125.0,0.046210987556578764
4,1200.0,0.04663507561869884
4,1275.0,0.047033465911063305
4,1350.0,0.047409095630995046
4,1425.0,0.047764425510295
4,1500.0,0.048101537604913674
4,1575.0,0.04842220921642931
4,1650.0,0.04872796961196149
4,1725.0,0.049020144133038485
4,1800.0,0.049299888915364215
4,1875.0,0.04956821852016888
4,1950.0,0.04982602814584161
4,2025.0,0.050074111647489455
4,2100.0,0.050313176279409955
4,2175.0,0.050543854850624015
4,2250.0,0.050766715819782676
4,2325.0,0.05098227173492295
4,2400.0,0.05119098633341185
4,2475.0,0.051393280549477866
4,2550.0,0.05158953762502008
4,2625.0,0.05178010747967057
4,2700.0,0.05196531046532277
4,2775.0,0.05214544060632148
4,2850.0,0.052320768407615986
4,2925.0,0.05249154329821262
4,3000.0,0.05265799576532815
5,0.0,0.0
5,75.0,0.028482110459195076
5,150.0,0.03299734878329101
5,225.0,0.03564945344499061
5,300.0,0.03753418467289797
5,375.0,0.03899737058123941
5,450.0,0.040193536326106324
5,525.0,0.04120526182974961
5,600.0,0.04208190008231456
5,675.0,0.042855312572310664
5,750.0,0.043547268407021264
5,825.0,0.04417330258353626
5,900.0,0.044744890306292376
5,975.0,0.0452707489293238
5,1050.0,0.045757656513613645
5,1125.0,0.04621098755657878
5,1200.0,0.04663507561869888
5,1275.0,0.04703346591106332
5,1350.0,0.04740909563099506
5,1425.0,0.04776442551029504
5,1500.0,0.048101537604913716
5,1575.0,0.048422209216429354
5,1650.0,0.048727969611961505
5,1725.0,0.049020144133038526
5,1800.0,0.04929988891536426
5,1875.0,0.04956821852016892
5,1950.0,0.04982602814584165
5,2025.0,0.05007411164748947
5,2100.0,0.050313176279409996
5,2175.0,0.05054385485062403
5,2250.0,0.05076671581978269
5,2325.0,0.05098227173492294
5,2400.0,0.05119098633341186
5,2475.0,0.05139328054947791
5,2550.0,0.051589537625020124
5,2625.0,0.051780107479670615
5,2700.0,0.05196531046532281
5,2775.0,0.052145440606321494
5,2850.0,0.05232076840761603
5,2925.0,0.052491543298212665
5,3000.0,0.05265799576532816
6,0.0,0.0
6,75.0,0.028482110459195076
6,150.0,0.03299734878329097
6,225.0,0.03564945344499057
6,300.0,0.03753418467289793
6,375.0,0.03899737058123939
6,450.0,0.04019353632610628
6,525.0,0.04120526182974957
6,600.0,0.04208190008231452
6,675.0,0.04285531257231062
6,750.0,0.04354726840702122
6,825.0,0.04417330258353622
6,900.0,0.044744890306292334
6,975.0,0.045270748929323784
6,1050.0,0.045757656513613604
6,1125.0,0.046210987556578736
6,1200.0,0.04663507561869884
6,1275.0,0.04703346591106328
6,1350.0,0.047409095630995046
6,1425.0,0.047764425510295
6,1500.0,0.048101537604913674
6,1575.0,0.04842220921642931
6,1650.0,0.04872796961196149
6,1725.0,0.049020144133038485
6,1800.0,0.049299888915364215
6,1875.0,0.04956821852016888
6,1950.0,0.04982602814584161
6,2025.0,0.050074111647489455
6,2100.0,0.050313176279409955
6,2175.0,0.050543854850624015
6,2250.0,0.050766715819782676
6,2325.0,0.050982271734922924
6,2400.0,0.05119098633341182
6,2475.0,0.051393280549477866
6,2550.0,0.05158953762502008
6,2625.0,0.05178010747967057
6,2700.0,0.05196531046532277
6,2775.0,0.05214544060632145
6,2850.0,0.052320768407615986
6,2925.0,0.05249154329821262
6,3000.0,0.05265799576532815
7,0.0,0.0
7,75.0,0.02996896210756217
7,150.0,0.03471990942360831
7,225.0,0.03751046190832086
7,300.0,0.03949358176290527
7,375.0,0.04103315036707261
7,450.0,0.04229175955383345
7,525.0,0.04335630016522453
7,600.0,0.044278701565598225
7,675.0,0.04509248850878893
7,750.0,0.0458205665148151
7,825.0,0.04647928155423943
7,900.0,0.04708070787161037
7,975.0,0.04763401789300577
7,1050.0,0.04814634351453485
7,1125.0,0.04862333979850994
7,1200.0,0.049069566530273875
7,1275.0,0.049488753991575096
7,1350.0,0.04988399271025207
7,1425.0,0.0502578718756911
7,1500.0,0.050612582233412
7,1575.0,0.05094999386546965
7,1650.0,0.051271715871316945
7,1725.0,0.051579142779287726
7,1800.0,0.05187349107883944
7,1875.0,0.05215582829434348
7,1950.0,0.05242709635623165
7,2025.0,0.05268813056123013
7,2100.0,0.05293967508443352
7,2175.0,0.053182395769392765
7,2250.0,0.05341689075000661
7,2325.0,0.0536436993308579
7,2400.0,0.05386330945779601
7,2475.0,0.05407616403907947
7,2550.0,0.05428266632298474
7,2625.0,0.05448318449599886
7,2700.0,0.05467805563334559
7,2775.0,0.05486758910832294
7,2850.0,0.05505206954705044
7,2925.0,0.05523175939947715
7,3000.0,0.055406901184944235
8,0.0,0.0
8,75.0,0.027427172426114088
8,150.0,0.03177517255894821
8,225.0,0.034329046926957096
8,300.0,0.03614397031329661
8,375.0,0.03755296183648568
8,450.0,0.03870482325425795
8,525.0,0.03967907584260025
8,600.0,0.04052324462506718
8,675.0,0.04126801098463956
8,750.0,0.04193433773093361
8,825.0,0.04253718446620333
8,900.0,0.043087601369162176
8,975.0,0.04359398291509095
8,1050.0,0.044062856114955584
8,1125.0,0.04449939640221162
8,1200.0,0.044907776828243845
8,1275.0,0.04529141129441955
8,1350.0,0.045653128208329424
8,1425.0,0.04599529715966727
8,1500.0,0.04631992308790672
8,1575.0,0.04662871746583036
8,1650.0,0.046923152918615735
8,1725.0,0.047204505698971555
8,1800.0,0.047473889120932034
8,1875.0,0.04773228016778064
8,1950.0,0.04798054088099454
8,2025.0,0.04821943571238413
8,2100.0,0.0484496457205246
8,2175.0,0.048671780276064724
8,2250.0,0.048886386782732216
8,2325.0,0.049093958804492716
8,2400.0,0.04929494290252168
8,2475.0,0.04948974442022511
8,2550.0,0.04967873240475154
8,2625.0,0.049862243815193025
8,2700.0,0.050040587138051484
8,2775.0,0.05021404550741604
8,2850.0,0.05038287940910616
8,2925.0,0.05054732903362244
8,3000.0,0.050707616331253286
9,0.0,0.0
9,75.0,0.028482110459195076
9,150.0,0.03299734878329097
9,225.0,0.03564945344499057
9,300.0,0.037534184672897986
9,375.0,0.03899737058123939
9,450.0,0.04019353632610628
9,525.0,0.04120526182974957
9,600.0,0.04208190008231458
9,675.0,0.04285531257231068
9,750.0,0.04354726840702128
9,825.0,0.044173302583536245
9,900.0,0.04474489030629239
9,975.0,0.045270748929323784
9,1050.0,0.04575765651361363
9,1125.0,0.04621098755657879
9,1200.0,0.04663507561869884
9,1275.0,0.04703346591106333
9,1350.0,0.047409095630995046
9,1425.0,0.04776442551029503
9,1500.0,0.0481015376049137
9,1575.0,0.04842220921642934
9,1650.0,0.04872796961196149
9,1725.0,0.04902014413303851
9,1800.0,0.04929988891536424
9,1875.0,0.049568218520168905
9,1950.0,0.04982602814584161
9,2025.0,0.050074111647489455
9,2100.0,0.05031317627940998
9,2175.0,0.050543854850624015
9,2250.0,0.050766715819782676
9,2325.0,0.05098227173492295
9,2400.0,0.05119098633341185
9,2475.0,0.051393280549477866
9,2550.0,0.05158953762502011
9,2625.0,0.0517801074796706
9,2700.0,0.051965310465322795
9,2775.0,0.05214544060632151
9,2850.0,0.052320768407616014
9,2925.0,0.05249154329821268
9,3000.0,0.05265799576532815
10,0.0,0.0
10,75.0,0.028482110459195076
10,150.0,0.03299734878329097
10,225.0,0.03564945344499057
10,300.0,0.037534184672897986
10,375.0,0.03899737058123939
10,450.0,0.04019353632610628
10,525.0,0.04120526182974957
10,600.0,0.04208190008231458
10,675.0,0.04285531257231068
10,750.0,0.04354726840702128
10,825.0,0.044173302583536245
10,900.0,0.04474489030629239
10,975.0,0.045270748929323784
10,1050.0,0.04575765651361363
10,1125.0,0.04621098755657879
10,1200.0,0.04663507561869884
10,1275.0,0.04703346591106333
10,1350.0,0.047409095630995046
10,1425.0,0.04776442551029503
10,1500.0,0.0481015376049137
10,1575.0,0.04842220921642934
10,1650.0,0.04872796961196149
10,1725.0,0.04902014413303851
10,1800.0,0.04929988891536424
10,1875.0,0.049568218520168905
10,1950.0,0.04982602814584161
10,2025.0,0.05007411164748943
10,2100.0,0.050313176279409955
10,2175.0,0.050543854850624015
10,2250.0,0.050766715819782676
10,2325.0,0.050982271734922924
10,2400.0,0.05119098633341185
10,2475.0,0.051393280549477866
10,2550.0,0.05158953762502008
10,2625.0,0.05178010747967057
10,2700.0,0.051965310465322795
10,2775.0,0.05214544060632151
10,2850.0,0.052320768407615986
10,2925.0,0.05249154329821265
10,3000.0,0.05265799576532812
11,0.0,0.0
11,75.0,0.030787235617315098
11,150.0,0.03566790295239293
11,225.0,0.03853464877231742
11,300.0,0.0405719157954907
11,375.0,0.04215352083057333
11,450.0,0.043446495123238116
11,525.0,0.04454010198588046
11,600.0,0.04548768866389491
11,675.0,0.046323695272077886
11,750.0,0.047071652743506526
11,825.0,0.04774835335965193
11,900.0,0.04836620104062589
11,975.0,0.0489346186567242
11,1050.0,0.04946093283357797
11,1125.0,0.049950953039503615
11,1200.0,0.05040936356037026
11,1275.0,0.0508399965296598
11,1350.0,0.05124602685908261
11,1425.0,0.051630114433335705
11,1500.0,0.05199450981412537
11,1575.0,0.05234113414428729
11,1650.0,0.05267164045817782
11,1725.0,0.05298746136037752
11,1800.0,0.053289846555411274
11,1875.0,0.05357989271537044
11,1950.0,0.0538585674891857
11,2025.0,0.05412672898055211
11,2100.0,0.054385141683545024
11,2175.0,0.054634489621929294
11,2250.0,0.054875387261070906
11,2325.0,0.055108388630742466
11,2400.0,0.055333994999682626
11,2475.0,0.0555526613693313
11,2550.0,0.055764801998268894
11,2625.0,0.0559707951259582
11,2700.0,0.056170987031135794
11,2775.0,0.05636569553423821
11,2850.0,0.056555213032825714
11,2925.0,0.05673980914278929
11,3000.0,0.05691973300522601
12,0.0,-0.1684303118677568
12,75.0,-0.0669470676804506
12,150.0,-0.05085903817629639
12,225.0,-0.04140945102652592
12,300.0,-0.03469405542045981
12,375.0,-0.029480647760926612
12,450.0,-0.025218646862196575
12,525.0,-0.021613816156836718
12,600.0,-0.018490308368450004
12,675.0,-0.015734599352707213
12,750.0,-0.01326912464564961
12,825.0,-0.011038532242888976
12,900.0,-0.00900193539287572
12,975.0,-0.0071282737087967896
12,1050.0,-0.005393396606064915
12,1125.0,-0.003778154470239742
12,1200.0,-0.0022671065994469275
12,1275.0,-0.0008476212217816137
12,1350.0,0.0004907670499180172
12,1425.0,0.0017568259313239243
12,1500.0,0.0029579738963138313
12,1575.0,0.004100543563052589
12,1650.0,0.00518998378999963
12,1725.0,0.006231016838103565
12,1800.0,0.007227762079140387
12,1875.0,0.008183834447657024
12,1950.0,0.009102423582175834
12,2025.0,0.009986358029822784
12,2100.0,0.01083815777452557
12,2175.0,0.011660077547810427
12,2250.0,0.012454142797481749
12,2325.0,0.013222179758911906
12,2400.0,0.013965840752511754
12,2475.0,0.0146866255888784
12,2550.0,0.015385899778874668
12,2625.0,0.01606491010438907
12,2700.0,0.016724797995916224
12,2775.0,0.017366611077522492
12,2850.0,0.01799131317244218
12,2925.0,0.0185997930092264
12,3000.0,0.019192871825842173
13,0.0,-0.1648822753020564
13,75.0,-0.06869387585043059
13,150.0,-0.05344523238492449
13,225.0,-0.044488673391427466
13,300.0,-0.03812365067063457
13,375.0,-0.033182250319520504
13,450.0,-0.029142617489557127
13,525.0,-0.02572586728000864
13,600.0,-0.022765327170696834
13,675.0,-0.02015339609082828
13,750.0,-0.01781655646908116
13,825.0,-0.015702344268153687
13,900.0,-0.013772005985220659
13,975.0,-0.011996101795828051
13,1050.0,-0.010351741161780365
13,1125.0,-0.008820773591556808
13,1200.0,-0.007388563995280123
13,1275.0,-0.00604313965832648
13,1350.0,-0.004774581220620133
13,1425.0,-0.0035745784182937
13,1500.0,-0.0024360998331618144
13,1575.0,-0.0013531432486961759
13,1650.0,-0.00032054409829021524
13,1725.0,0.0006661734970651867
13,1800.0,0.0016109139826905594
13,1875.0,0.0025171036854734763
13,1950.0,0.0033877658259145182
13,2025.0,0.0042255813729066005
13,2100.0,0.0050329388312968515
13,2175.0,0.005811975292961374
13,2250.0,0.006564610528834058
13,2325.0,0.0072925754912401275
13,2400.0,0.007997436291481669
13,2475.0,0.008680614488181304
13,2550.0,0.00934340434725825
13,2625.0,0.009986987600290681
13,2700.0,0.010612446124126956
13,2775.0,0.011220772883496988
13,2850.0,0.011812881414571319
13,2925.0,0.012389614076870087
13,3000.0,0.012951749260621648
14,0.0,-0.15082137524286873
14,75.0,-0.047630860535934794
14,150.0,-0.03127217927334203
14,225.0,-0.021663620051948718
14,300.0,-0.014835250160938507
14,375.0,-0.009534136424651396
14,450.0,-0.0052004351329422716
14,525.0,-0.0015349597246977487
14,600.0,0.001641095386231195
14,675.0,0.004443164180880588
14,750.0,0.0069501160038695775
14,825.0,0.009218234056120767
14,900.0,0.011289092934217981
14,975.0,0.013194275559340884
14,1050.0,0.014958338805621862
14,1125.0,0.016600754444842936
14,1200.0,0.018137222940530162
14,1275.0,0.019580588571115387
14,1350.0,0.020941492784814997
14,1425.0,0.022228850798128252
14,1500.0,0.023450205887227793
14,1575.0,0.024611997205030878
14,1650.0,0.025719765277104067
14,1725.0,0.026778311807824917
14,1800.0,0.027791825469887566
14,1875.0,0.02876398201252056
14,1950.0,0.029698024734097772
14,2025.0,0.030596829766892375
14,2100.0,0.031462959488966324
14,2175.0,0.03229870656359213
14,2250.0,0.03310613051303973
14,2325.0,0.03388708829576148
14,2400.0,0.034643260029445955
14,2475.0,0.03537617075626848
14,2550.0,0.03608720895932205
14,2625.0,0.036777642395326826
14,2700.0,0.03744863169726398
14,2775.0,0.038101242113564415
14,2850.0,0.0387364536820306
14,2925.0,0.03935517008245104
14,3000.0,0.03995822636862384
15,0.0,-0.14940671558362933
15,75.0,-0.04427989794509825
15,150.0,-0.027614256662238296
15,225.0,-0.01782539907290251
15,300.0,-0.010868899259529302
15,375.0,-0.005468313569861133
15,450.0,-0.001053293190446697
15,525.0,0.0026809624811663657
15,600.0,0.0059166142017223755
15,675.0,0.00877126199587605
15,750.0,0.011325255140230722
15,825.0,0.013635932953388802
15,900.0,0.015745650152214102
15,975.0,0.017686582290872582
15,1050.0,0.019483747037276816
15,1125.0,0.0211569815383493
15,1200.0,0.02272228086660824
15,1275.0,0.0241927303150212
15,1350.0,0.025579171011662988
15,1425.0,0.026890685461275404
15,1500.0,0.028134958484705014
15,1575.0,0.029318550061388032
15,1650.0,0.030447104681251752
15,1725.0,0.031525514149535167
15,1800.0,0.032558045736652635
15,1875.0,0.03354844416487765
15,1950.0,0.03450001359096996
15,2025.0,0.035415684115955276
15,2100.0,0.03629806619925405
15,2175.0,0.03714949552447486
15,2250.0,0.037972070259484486
15,2325.0,0.03876768220735341
15,2400.0,0.03953804301208655
15,2475.0,0.04028470633228434
15,2550.0,0.041009086705022374
15,2625.0,0.041712475675651645
15,2700.0,0.04239605565567686
15,2775.0,0.043060911882223135
15,2850.0,0.043708042782865414
15,2925.0,0.04433836899435581
15,3000.0,0.04495274123973417
16,0.0,-0.1596279396887868
16,75.0,-0.059138001371711324
16,150.0,-0.043207439578359
16,225.0,-0.03385034385869888
16,300.0,-0.027200677742558382
16,375.0,-0.02203829829436775
16,450.0,-0.01781801335126705
16,525.0,-0.01424846629819379
16,600.0,-0.011155531030884486
16,675.0,-0.008426794565772111
16,750.0,-0.005985451630604932
16,825.0,-0.003776691999800852
16,900.0,-0.0017600291164498738
16,975.0,9.529339090558198e-05
16,1050.0,0.0018131897238160832
16,1125.0,0.0034126220625835257
16,1200.0,0.004908879977337022
16,1275.0,0.006314471601707061
16,1350.0,0.00763975988889623
16,1425.0,0.008893426737222876
16,1500.0,0.010082818009428729
16,1575.0,0.011214204340768502
16,1650.0,0.0122929812569261
16,1725.0,0.013323824797924044
16,1800.0,0.01431081401561951
16,1875.0,0.015257528462012004
16,1950.0,0.016167126555823003
16,2025.0,0.017042409158697203
16,2100.0,0.017885871589260555
16,2175.0,0.01869974650999659
16,2250.0,0.019486039543868572
16,2325.0,0.02024655905127512
16,2400.0,0.020982941179912368
16,2475.0,0.02169667106041051
16,2550.0,0.022389100838175136
16,2625.0,0.023061465091742533
16,2700.0,0.023714894079422094
16,2775.0,0.02435042517126093
16,2850.0,0.024969012756706682
16,2925.0,0.02557153686554159
16,3000.0,0.026158810697553547
17,0.0,-0.16322750355011328
17,75.0,-0.05614219081868861
17,150.0,-0.039166071416110115
17,225.0,-0.029194849041228682
17,300.0,-0.02210875079565472
17,375.0,-0.01660755309461248
17,450.0,-0.012110281621306507
17,525.0,-0.008306457388856603
17,600.0,-0.005010526015978123
17,675.0,-0.002102696609155408
17,750.0,0.0004988770018477529
17,825.0,0.002852602357583278
17,900.0,0.005001623236231767
17,975.0,0.0069787146171710335
17,1050.0,0.008809360243297704
17,1125.0,0.01051376682427535
17,1200.0,0.012108227418157758
17,1275.0,0.013606071094739658
17,1350.0,0.015018340950505193
17,1425.0,0.016354288695745955
17,1500.0,0.017621742318240097
17,1575.0,0.018827384008747505
17,1650.0,0.019976963413102122
17,1725.0,0.021075463470059286
17,1800.0,0.022127230948570165
17,1875.0,0.023136080334460074
17,1950.0,0.02410537734037843
17,2025.0,0.025038106654644787
17,2100.0,0.025936927369103746
17,2175.0,0.026804218680760106
17,2250.0,0.02764211784599835
17,2325.0,0.028452551911864854
17,2400.0,0.02923726441000707
17,2475.0,0.029997837943426364
17,2550.0,0.030735713401788267
17,2625.0,0.031452206391718474
17,2700.0,0.03214852135285079
17,2775.0,0.032825763740097214
17,2850.0,0.03348495058157208
17,2925.0,0.034127019665336655
17,3000.0,0.03475283756325942
18,0.0,-0.16312593063984923
18,75.0,-0.06164268645254302
18,150.0,-0.04555465694838881
18,225.0,-0.03610506979861834
18,300.0,-0.02938967419255223
18,375.0,-0.024176266533019034
18,450.0,-0.019914265634288997
18,525.0,-0.01630943492892914
18,600.0,-0.013185927140542425
18,675.0,-0.010430218124799634
18,750.0,-0.007964743417742032
18,825.0,-0.005734151014981398
18,900.0,-0.003697554164968142
18,975.0,-0.001823892480889211
18,1050.0,-8.901537815733662e-05
18,1125.0,0.0015262267576678368
18,1200.0,0.003037274628460651
18,1275.0,0.004456760006125965
18,1350.0,0.005795148277825596
18,1425.0,0.007061207159231503
18,1500.0,0.00826235512422141
18,1575.0,0.009404924790960167
18,1650.0,0.010494365017907209
18,1725.0,0.011535398066011143
18,1800.0,0.012532143307047966
18,1875.0,0.013488215675564602
18,1950.0,0.014406804810083412
18,2025.0,0.015290739257730362
18,2100.0,0.01614253900243315
18,2175.0,0.016964458775718005
18,2250.0,0.017758524025389327
18,2325.0,0.018526560986819485
18,2400.0,0.019270221980419333
18,2475.0,0.019991006816785978
18,2550.0,0.020690281006782246
18,2625.0,0.021369291332296647
18,2700.0,0.022029179223823803
18,2775.0,0.02267099230543007
18,2850.0,0.02329569440034976
18,2925.0,0.02390417423713398
18,3000.0,0.02449725305374975
19,0.0,-0.15081982851606873
19,75.0,-0.056168915224529437
19,150.0,-0.04116400778563328
19,225.0,-0.032350611435168125
19,300.0,-0.02608732795109861
19,375.0,-0.021224911497155108
19,450.0,-0.017249848611211066
19,525.0,-0.013887712120048593
19,600.0,-0.010974493615736963
19,675.0,-0.008404311935060915
19,750.0,-0.006104824619800456
19,825.0,-0.004024406223707505
19,900.0,-0.0021249226842904867
19,975.0,-0.00037740474654980594
19,1050.0,0.0012406722427813488
19,1125.0,0.002747168655732518
19,1200.0,0.004156485653263695
19,1275.0,0.0054804045767859605
19,1350.0,0.0067286862342115505
19,1425.0,0.007909508057218684
19,1500.0,0.009029789073016062
19,1575.0,0.010095435558030205
19,1650.0,0.011111529527855976
19,1725.0,0.012082475318550709
19,1800.0,0.013012114966343233
19,1875.0,0.013903820031327965
19,1950.0,0.01476056541051017
19,2025.0,0.015584989219875348
19,2100.0,0.016379441786141466
19,2175.0,0.01714602604166844
19,2250.0,0.017886631071556372
19,2325.0,0.018602960160394408
19,2400.0,0.01929655438658613
19,2475.0,0.019968812586401638
19,2550.0,0.020621008338068694
19,2625.0,0.021254304484235445
19,2700.0,0.02186976560890934
19,2775.0,0.0224683688051608
19,2850.0,0.023051013007095764
19,2925.0,0.023618527109865464
19,3000.0,0.02417167706182148
20,0.0,-0.1588923264965046
20,75.0,-0.060996221263204864
20,150.0,-0.045476857037636376
20,225.0,-0.03636128544319893
20,300.0,-0.029883259635102855
20,375.0,-0.024854130846908337
20,450.0,-0.020742779344226678
20,525.0,-0.017265368970660014
20,600.0,-0.014252268142068411
20,675.0,-0.011593965464046063
20,750.0,-0.009215638151936559
20,825.0,-0.007063890734498687
20,900.0,-0.005099281688509538
20,975.0,-0.00329184852193036
20,1050.0,-0.001618294303438697
20,1125.0,-6.0146302039112975e-05
20,1200.0,0.0013974904000224053
20,1275.0,0.002766801078074546
20,1350.0,0.004057881198133537
20,1425.0,0.005279188562499079
20,1500.0,0.006437879423469059
20,1575.0,0.0075400625594849585
20,1650.0,0.008590994227630627
20,1725.0,0.009595229770597957
20,1800.0,0.010556742952293544
20,1875.0,0.01147902092979107
20,1950.0,0.012365140597122987
20,2025.0,0.013217830520461202
20,2100.0,0.014039521609595193
20,2175.0,0.01483238889781785
20,2250.0,0.015598386239215958
20,2325.0,0.016339275317027224
20,2400.0,0.017056650046918406
20,2475.0,0.017751957225522988
20,2550.0,0.018426514096847077
20,2625.0,0.01908152337264797
20,2700.0,0.019718086137156074
20,2775.0,0.02033721298395917
20,2850.0,0.020939833667929855
20,2925.0,0.021526805503637322
20,3000.0,0.022098920700663313
21,0.0,-0.14568339969673055
21,75.0,-0.053466004790210936
21,150.0,-0.03884688040240486
21,225.0,-0.03026008051369026
21,300.0,-0.02415782892016497
21,375.0,-0.019420427423022205
21,450.0,-0.015547565226729829
21,525.0,-0.012271870806538049
21,600.0,-0.009433552485893795
21,675.0,-0.006929451354842256
21,750.0,-0.004689084912938499
21,825.0,-0.002662155027831528
21,900.0,-0.0008115080812635816
21,975.0,0.0008910803689343161
21,1050.0,0.0024675558568643674
21,1125.0,0.003935319556200939
21,1200.0,0.0053084023674517256
21,1275.0,0.006598282728337609
21,1350.0,0.007814470491923298
21,1425.0,0.008964932844368625
21,1500.0,0.010056410921519932
21,1575.0,0.011094659146728289
21,1650.0,0.012084628874637238
21,1725.0,0.013030611203804318
21,1800.0,0.013936349389945007
21,1875.0,0.014805128308797683
21,1950.0,0.015639846371401325
21,2025.0,0.016443073866569777
21,2100.0,0.01721710069304319
21,2175.0,0.017963975715826176
21,2250.0,0.018685539450774703
21,2325.0,0.019383451390250002
21,2400.0,0.020059212990823173
21,2475.0,0.02071418712404239
21,2550.0,0.021349614623855102
21,2625.0,0.02196662843569181
21,2700.0,0.02256626577261684
21,2775.0,0.0231494786061898
21,2850.0,0.02371714275850851
21,2925.0,0.024270065813449655
21,3000.0,0.024808994026481603
22,0.0,-0.14893147559252862
22,75.0,-0.05434433829749806
22,150.0,-0.03934954119870489
22,225.0,-0.030542083334360273
22,300.0,-0.024283020064673505
22,375.0,-0.019423879917783007
22,450.0,-0.015451495438078472
22,525.0,-0.012091624361983508
22,600.0,-0.009180368790798435
22,675.0,-0.006611918904271999
22,750.0,-0.0043139809886939134
22,825.0,-0.0022349643831569427
22,900.0,-0.00033676071998584023
22,975.0,0.0014095797362702611
22,1050.0,0.0030265664617166455
22,1125.0,0.004532047794024344
22,1200.0,0.005940415190618872
22,1275.0,0.007263442054617278
22,1350.0,0.008510882617077609
22,1425.0,0.009690908799706396
22,1500.0,0.01081043496765638
22,1575.0,0.011875363417691825
22,1650.0,0.01289077274113419
22,1725.0,0.013861064306389309
22,1800.0,0.014790077560913453
22,1875.0,0.01568118179303632
22,1950.0,0.016537349895270934
22,2025.0,0.01736121820603438
22,2100.0,0.018155135468389205
22,2175.0,0.018921203197734812
22,2250.0,0.01966130920630159
22,2325.0,0.020377155631001717
22,2400.0,0.02107028251185665
22,2475.0,0.02174208774259752
22,2550.0,0.022393844043312308
22,2625.0,0.023026713473123087
22,2700.0,0.023641759898718293
22,2775.0,0.02423995975480088
22,2850.0,0.024822211369772904
22,2925.0,0.0253893430802742
22,3000.0,0.025942120318558706
23,0.0,-0.13233781937617284
23,75.0,-0.03131769773608899
23,150.0,-0.015303086551022041
23,225.0,-0.005896622942542007
23,300.0,0.0007881267067103015
23,375.0,0.00597774278710822
23,450.0,0.010220293886728099
23,525.0,0.013808673813519162
23,600.0,0.01691792735831313
23,675.0,0.019661060593797852
23,750.0,0.02211528401562518
23,825.0,0.024335697027259212
23,900.0,0.026362999792042957
23,975.0,0.028228110951562774
23,1050.0,0.02995507087831778
23,1125.0,0.03156294179677288
23,1200.0,0.033067093944586984
23,1275.0,0.03448010144810554
23,1350.0,0.035812381935308085
23,1425.0,0.037072663110071014
23,1500.0,0.03826832959179152
23,1575.0,0.039405685099496685
23,1650.0,0.04049015362557831
23,1725.0,0.04152643588077212
23,1800.0,0.04251863243794829
23,1875.0,0.04347034173476594
23,1950.0,0.044384738853713745
23,2025.0,0.04526463943373804
23,2100.0,0.04611255195872635
23,2175.0,0.04693072087065411
23,2250.0,0.04772116237411955
23,2325.0,0.04848569437040212
23,2400.0,0.04922596163948725
23,2475.0,0.04994345714753093
23,2550.0,0.05063954017383637
23,2625.0,0.05131545181055677
23,2700.0,0.05197232827922635
23,2775.0,0.05261121242304026
23,2850.0,0.053233063666789676
23,2925.0,0.05383876668328
23,3000.0,0.05442913896272847
