group,incentive,y_cf,y_base_model,uplift
0,0.0,-0.17324718376639078,-0.17324718376639078,0.0
0,5.0,-0.12597955938733366,-0.17324718376639078,0.04726762437905713
0,10.0,-0.1099893553572117,-0.17324718376639078,0.06325782840917908
0,15.0,-0.10010473103700636,-0.17324718376639078,0.07314245272938442
0,20.0,-0.09293096639937902,-0.17324718376639078,0.08031621736701176
0,25.0,-0.08729676129352681,-0.17324718376639078,0.08595042247286397
0,30.0,-0.0826566664052501,-0.17324718376639078,0.09059051736114068
0,35.0,-0.07871193500827653,-0.17324718376639078,0.09453524875811425
0,40.0,-0.07528106020564154,-0.17324718376639078,0.09796612356074924
0,45.0,-0.07224546644920922,-0.17324718376639078,0.10100171731718156
0,50.0,-0.06952340815736269,-0.17324718376639078,0.1037237756090281
0,55.0,-0.06705613804905171,-0.17324718376639078,0.10619104571733907
0,60.0,-0.06480001492561861,-0.17324718376639078,0.10844716884077217
0,65.0,-0.06272173097815457,-0.17324718376639078,0.11052545278823621
0,70.0,-0.06079528676988097,-0.17324718376639078,0.11245189699650981
0,75.0,-0.05899999806422383,-0.17324718376639078,0.11424718570216695
0,80.0,-0.05731913897954667,-0.17324718376639078,0.11592804478684411
0,85.0,-0.05573899225456394,-0.17324718376639078,0.11750819151182684
0,90.0,-0.054248168305572164,-0.17324718376639078,0.11899901546081862
0,95.0,-0.052837106657949225,-0.17324718376639078,0.12041007710844157
0,100.0,-0.05149770410653635,-0.17324718376639078,0.12174947965985444
0,105.0,-0.05022303281265394,-0.17324718376639078,0.12302415095373684
0,110.0,-0.049007123434317755,-0.17324718376639078,0.12424006033207302
0,115.0,-0.04784479607760699,-0.17324718376639078,0.12540238768878378
0,120.0,-0.0467315269480326,-0.17324718376639078,0.1265156568183582
0,125.0,-0.04566334202032187,-0.17324718376639078,0.1275838417460689
0,130.0,-0.04463673141246128,-0.17324718376639078,0.1286104523539295
0,135.0,-0.0436485798070354,-0.17324718376639078,0.12959860395935538
0,140.0,-0.042696109440930434,-0.17324718376639078,0.13055107432546034
0,145.0,-0.04177683303377857,-0.17324718376639078,0.1314703507326122
0,150.0,-0.04088851464583159,-0.17324718376639078,0.13235866912055919
0,155.0,-0.04002913691446968,-0.17324718376639078,0.1332180468519211
0,160.0,-0.039196873461254576,-0.17324718376639078,0.1340503103051362
0,165.0,-0.03839006552023113,-0.17324718376639078,0.13485711824615965
0,170.0,-0.037607202035493996,-0.17324718376639078,0.13563998173089678
0,175.0,-0.0368469026278273,-0.17324718376639078,0.13640028113856348
0,180.0,-0.03610790294797791,-0.17324718376639078,0.13713928081841287
0,185.0,-0.03538904202619297,-0.17324718376639078,0.1378581417401978
0,190.0,-0.034689251300170885,-0.17324718376639078,0.1385579324662199
0,195.0,-0.034007545061097065,-0.17324718376639078,0.1392396387052937
0,200.0,-0.033343012103357904,-0.17324718376639078,0.13990417166303287
1,0.0,-0.15182862025409802,-0.15182862025409802,0.0
1,5.0,-0.10456099587504085,-0.15182862025409802,0.04726762437905717
1,10.0,-0.0885707918449189,-0.15182862025409802,0.06325782840917912
1,15.0,-0.07868616752471357,-0.15182862025409802,0.07314245272938445
1,20.0,-0.07151240288708621,-0.15182862025409802,0.0803162173670118
1,25.0,-0.06587819778123401,-0.15182862025409802,0.08595042247286401
1,30.0,-0.061238102892957294,-0.15182862025409802,0.09059051736114072
1,35.0,-0.05729337149598372,-0.15182862025409802,0.0945352487581143
1,40.0,-0.053862496693348735,-0.15182862025409802,0.09796612356074928
1,45.0,-0.050826902936916434,-0.15182862025409802,0.10100171731718158
1,50.0,-0.04810484464506989,-0.15182862025409802,0.10372377560902812
1,55.0,-0.04563757453675891,-0.15182862025409802,0.10619104571733912
1,60.0,-0.043381451413325826,-0.15182862025409802,0.10844716884077218
1,65.0,-0.041303167465861775,-0.15182862025409802,0.11052545278823625
1,70.0,-0.03937672325758817,-0.15182862025409802,0.11245189699650984
1,75.0,-0.03758143455193103,-0.15182862025409802,0.11424718570216699
1,80.0,-0.035900575467253885,-0.15182862025409802,0.11592804478684413
1,85.0,-0.03432042874227114,-0.15182862025409802,0.11750819151182687
1,90.0,-0.032829604793279364,-0.15182862025409802,0.11899901546081865
1,95.0,-0.03141854314565642,-0.15182862025409802,0.1204100771084416
1,100.0,-0.03007914059424354,-0.15182862025409802,0.12174947965985447
1,105.0,-0.028804469300361145,-0.15182862025409802,0.12302415095373687
1,110.0,-0.027588559922024934,-0.15182862025409802,0.12424006033207308
1,115.0,-0.0264262325653142,-0.15182862025409802,0.1254023876887838
1,120.0,-0.02531296343573982,-0.15182862025409802,0.1265156568183582
1,125.0,-0.024244778508029044,-0.15182862025409802,0.12758384174606896
1,130.0,-0.023218167900168465,-0.15182862025409802,0.12861045235392954
1,135.0,-0.022230016294742597,-0.15182862025409802,0.1295986039593554
1,140.0,-0.021277545928637634,-0.15182862025409802,0.13055107432546037
1,145.0,-0.020358269521485742,-0.15182862025409802,0.13147035073261226
1,150.0,-0.01946995113353879,-0.15182862025409802,0.1323586691205592
1,155.0,-0.01861057340217688,-0.15182862025409802,0.13321804685192112
1,160.0,-0.01777830994896175,-0.15182862025409802,0.13405031030513626
1,165.0,-0.016971502007938302,-0.15182862025409802,0.1348571182461597
1,170.0,-0.016188638523201196,-0.15182862025409802,0.1356399817308968
1,175.0,-0.0154283391155345,-0.15182862025409802,0.1364002811385635
1,180.0,-0.014689339435685083,-0.15182862025409802,0.13713928081841292
1,185.0,-0.013970478513900169,-0.15182862025409802,0.13785814174019784
1,190.0,-0.01327068778787806,-0.15182862025409802,0.13855793246621995
1,195.0,-0.012588981548804239,-0.15182862025409802,0.13923963870529377
1,200.0,-0.011924448591065078,-0.15182862025409802,0.13990417166303293
2,0.0,-0.11806942865945382,-0.11806942865945382,0.0
2,5.0,-0.07080180428039666,-0.11806942865945382,0.047267624379057155
2,10.0,-0.054811600250274706,-0.11806942865945382,0.06325782840917911
2,15.0,-0.04492697593006936,-0.11806942865945382,0.07314245272938445
2,20.0,-0.03775321129244201,-0.11806942865945382,0.0803162173670118
2,25.0,-0.03211900618658982,-0.11806942865945382,0.085950422472864
2,30.0,-0.027478911298313112,-0.11806942865945382,0.09059051736114071
2,35.0,-0.02353417990133954,-0.11806942865945382,0.09453524875811428
2,40.0,-0.020103305098704553,-0.11806942865945382,0.09796612356074927
2,45.0,-0.01706771134227223,-0.11806942865945382,0.10100171731718158
2,50.0,-0.014345653050425698,-0.11806942865945382,0.10372377560902812
2,55.0,-0.01187838294211472,-0.11806942865945382,0.10619104571733909
2,60.0,-0.009622259818681624,-0.11806942865945382,0.10844716884077218
2,65.0,-0.0075439758712175856,-0.11806942865945382,0.11052545278823622
2,70.0,-0.0056175316629439795,-0.11806942865945382,0.11245189699650984
2,75.0,-0.0038222429572868435,-0.11806942865945382,0.11424718570216696
2,80.0,-0.0021413838726096826,-0.11806942865945382,0.11592804478684413
2,85.0,-0.0005612371476269515,-0.11806942865945382,0.11750819151182687
2,90.0,0.0009295868013648317,-0.11806942865945382,0.11899901546081865
2,95.0,0.0023406484489877748,-0.11806942865945382,0.1204100771084416
2,100.0,0.003680051000400652,-0.11806942865945382,0.12174947965985447
2,105.0,0.004954722294283061,-0.11806942865945382,0.12302415095373688
2,110.0,0.006170631672619244,-0.11806942865945382,0.12424006033207306
2,115.0,0.007332959029330007,-0.11806942865945382,0.1254023876887838
2,120.0,0.0084462281589044,-0.11806942865945382,0.12651565681835822
2,125.0,0.009514413086615128,-0.11806942865945382,0.12758384174606893
2,130.0,0.01054102369447572,-0.11806942865945382,0.12861045235392954
2,135.0,0.011529175299901617,-0.11806942865945382,0.12959860395935544
2,140.0,0.012481645666006565,-0.11806942865945382,0.13055107432546037
2,145.0,0.01340092207315843,-0.11806942865945382,0.13147035073261223
2,150.0,0.014289240461105409,-0.11806942865945382,0.1323586691205592
2,155.0,0.015148618192467319,-0.11806942865945382,0.13321804685192112
2,160.0,0.015980881645682423,-0.11806942865945382,0.13405031030513623
2,165.0,0.01678768958670587,-0.11806942865945382,0.13485711824615967
2,170.0,0.017570553071443003,-0.11806942865945382,0.1356399817308968
2,175.0,0.0183308524791097,-0.11806942865945382,0.1364002811385635
2,180.0,0.01906985215895909,-0.11806942865945382,0.1371392808184129
2,185.0,0.019788713080744032,-0.11806942865945382,0.13785814174019784
2,190.0,0.020488503806766114,-0.11806942865945382,0.13855793246621992
2,195.0,0.021170210045839934,-0.11806942865945382,0.13923963870529374
2,200.0,0.021834743003579096,-0.11806942865945382,0.1399041716630329
3,0.0,-0.14811278321266308,-0.14811278321266308,0.0
3,5.0,-0.10084515883360594,-0.14811278321266308,0.04726762437905714
3,10.0,-0.08485495480348397,-0.14811278321266308,0.06325782840917911
3,15.0,-0.07497033048327864,-0.14811278321266308,0.07314245272938444
3,20.0,-0.06779656584565129,-0.14811278321266308,0.08031621736701179
3,25.0,-0.0621623607397991,-0.14811278321266308,0.08595042247286398
3,30.0,-0.05752226585152238,-0.14811278321266308,0.0905905173611407
3,35.0,-0.05357753445454881,-0.14811278321266308,0.09453524875811427
3,40.0,-0.050146659651913825,-0.14811278321266308,0.09796612356074925
3,45.0,-0.047111065895481516,-0.14811278321266308,0.10100171731718156
3,50.0,-0.04438900760363497,-0.14811278321266308,0.10372377560902811
3,55.0,-0.04192173749532398,-0.14811278321266308,0.1061910457173391
3,60.0,-0.039665614371890895,-0.14811278321266308,0.10844716884077218
3,65.0,-0.03758733042442684,-0.14811278321266308,0.11052545278823624
3,70.0,-0.03566088621615325,-0.14811278321266308,0.11245189699650983
3,75.0,-0.0338655975104961,-0.14811278321266308,0.11424718570216698
3,80.0,-0.032184738425818954,-0.14811278321266308,0.11592804478684413
3,85.0,-0.030604591700836223,-0.14811278321266308,0.11750819151182686
3,90.0,-0.029113767751844453,-0.14811278321266308,0.11899901546081862
3,95.0,-0.027702706104221507,-0.14811278321266308,0.12041007710844157
3,100.0,-0.02636330355280863,-0.14811278321266308,0.12174947965985444
3,105.0,-0.02508863225892622,-0.14811278321266308,0.12302415095373687
3,110.0,-0.023872722880590037,-0.14811278321266308,0.12424006033207305
3,115.0,-0.022710395523879275,-0.14811278321266308,0.1254023876887838
3,120.0,-0.02159712639430488,-0.14811278321266308,0.1265156568183582
3,125.0,-0.020528941466594154,-0.14811278321266308,0.12758384174606893
3,130.0,-0.01950233085873356,-0.14811278321266308,0.1286104523539295
3,135.0,-0.018514179253307665,-0.14811278321266308,0.1295986039593554
3,140.0,-0.017561708887202716,-0.14811278321266308,0.13055107432546037
3,145.0,-0.016642432480050852,-0.14811278321266308,0.13147035073261223
3,150.0,-0.015754114092103873,-0.14811278321266308,0.1323586691205592
3,155.0,-0.014894736360741963,-0.14811278321266308,0.13321804685192112
3,160.0,-0.014062472907526859,-0.14811278321266308,0.13405031030513623
3,165.0,-0.013255664966503412,-0.14811278321266308,0.13485711824615967
3,170.0,-0.012472801481766278,-0.14811278321266308,0.1356399817308968
3,175.0,-0.01171250207409958,-0.14811278321266308,0.1364002811385635
3,180.0,-0.010973502394250191,-0.14811278321266308,0.1371392808184129
3,185.0,-0.01025464147246525,-0.14811278321266308,0.13785814174019784
3,190.0,-0.009554850746443168,-0.14811278321266308,0.13855793246621992
3,195.0,-0.008873144507369347,-0.14811278321266308,0.13923963870529374
3,200.0,-0.008208611549630186,-0.14811278321266308,0.1399041716630329
4,0.0,-0.17274985125834577,-0.17274985125834577,0.0
4,5.0,-0.12548222687928864,-0.17274985125834577,0.04726762437905713
4,10.0,-0.10949202284916668,-0.17274985125834577,0.0632578284091791
4,15.0,-0.09960739852896135,-0.17274985125834577,0.07314245272938442
4,20.0,-0.092433633891334,-0.17274985125834577,0.08031621736701178
4,25.0,-0.08679942878548179,-0.17274985125834577,0.08595042247286398
4,30.0,-0.08215933389720508,-0.17274985125834577,0.0905905173611407
4,35.0,-0.0782146025002315,-0.17274985125834577,0.09453524875811427
4,40.0,-0.07478372769759652,-0.17274985125834577,0.09796612356074925
4,45.0,-0.07174813394116421,-0.17274985125834577,0.10100171731718156
4,50.0,-0.06902607564931766,-0.17274985125834577,0.10372377560902811
4,55.0,-0.06655880554100668,-0.17274985125834577,0.10619104571733909
4,60.0,-0.0643026824175736,-0.17274985125834577,0.10844716884077217
4,65.0,-0.06222439847010955,-0.17274985125834577,0.11052545278823622
4,70.0,-0.06029795426183594,-0.17274985125834577,0.11245189699650983
4,75.0,-0.05850266555617881,-0.17274985125834577,0.11424718570216696
4,80.0,-0.05682180647150166,-0.17274985125834577,0.11592804478684411
4,85.0,-0.055241659746518915,-0.17274985125834577,0.11750819151182686
4,90.0,-0.05375083579752714,-0.17274985125834577,0.11899901546081863
4,95.0,-0.0523397741499042,-0.17274985125834577,0.12041007710844157
4,100.0,-0.05100037159849132,-0.17274985125834577,0.12174947965985444
4,105.0,-0.049725700304608926,-0.17274985125834577,0.12302415095373684
4,110.0,-0.04850979092627274,-0.17274985125834577,0.12424006033207302
4,115.0,-0.04734746356956198,-0.17274985125834577,0.12540238768878378
4,120.0,-0.04623419443998757,-0.17274985125834577,0.1265156568183582
4,125.0,-0.04516600951227686,-0.17274985125834577,0.1275838417460689
4,130.0,-0.044139398904416254,-0.17274985125834577,0.1286104523539295
4,135.0,-0.04315124729899037,-0.17274985125834577,0.1295986039593554
4,140.0,-0.04219877693288542,-0.17274985125834577,0.13055107432546034
4,145.0,-0.04127950052573356,-0.17274985125834577,0.1314703507326122
4,150.0,-0.04039118213778658,-0.17274985125834577,0.13235866912055919
4,155.0,-0.03953180440642467,-0.17274985125834577,0.1332180468519211
4,160.0,-0.03869954095320955,-0.17274985125834577,0.13405031030513623
4,165.0,-0.037892733012186104,-0.17274985125834577,0.13485711824615967
4,170.0,-0.03710986952744897,-0.17274985125834577,0.1356399817308968
4,175.0,-0.03634957011978227,-0.17274985125834577,0.1364002811385635
4,180.0,-0.03561057043993288,-0.17274985125834577,0.1371392808184129
4,185.0,-0.03489170951814794,-0.17274985125834577,0.13785814174019784
4,190.0,-0.03419191879212586,-0.17274985125834577,0.13855793246621992
4,195.0,-0.03351021255305204,-0.17274985125834577,0.13923963870529374
4,200.0,-0.03284567959531288,-0.17274985125834577,0.1399041716630329
5,0.0,-0.1565622105783509,-0.1565622105783509,0.0
5,5.0,-0.10929458619929373,-0.1565622105783509,0.04726762437905717
5,10.0,-0.09330438216917179,-0.1565622105783509,0.06325782840917911
5,15.0,-0.08341975784896645,-0.1565622105783509,0.07314245272938445
5,20.0,-0.0762459932113391,-0.1565622105783509,0.0803162173670118
5,25.0,-0.0706117881054869,-0.1565622105783509,0.085950422472864
5,30.0,-0.06597169321721019,-0.1565622105783509,0.09059051736114071
5,35.0,-0.06202696182023662,-0.1565622105783509,0.09453524875811428
5,40.0,-0.058596087017601634,-0.1565622105783509,0.09796612356074927
5,45.0,-0.05556049326116931,-0.1565622105783509,0.10100171731718159
5,50.0,-0.05283843496932278,-0.1565622105783509,0.10372377560902812
5,55.0,-0.050371164861011786,-0.1565622105783509,0.10619104571733912
5,60.0,-0.04811504173757869,-0.1565622105783509,0.10844716884077221
5,65.0,-0.04603675779011465,-0.1565622105783509,0.11052545278823625
5,70.0,-0.04411031358184106,-0.1565622105783509,0.11245189699650984
5,75.0,-0.04231502487618391,-0.1565622105783509,0.11424718570216699
5,80.0,-0.04063416579150675,-0.1565622105783509,0.11592804478684415
5,85.0,-0.03905401906652403,-0.1565622105783509,0.11750819151182687
5,90.0,-0.037563195117532255,-0.1565622105783509,0.11899901546081865
5,95.0,-0.03615213346990931,-0.1565622105783509,0.1204100771084416
5,100.0,-0.03481273091849643,-0.1565622105783509,0.12174947965985447
5,105.0,-0.03353805962461401,-0.1565622105783509,0.1230241509537369
5,110.0,-0.032322150246277825,-0.1565622105783509,0.12424006033207308
5,115.0,-0.031159822889567063,-0.1565622105783509,0.12540238768878384
5,120.0,-0.030046553759992684,-0.1565622105783509,0.12651565681835822
5,125.0,-0.02897836883228195,-0.1565622105783509,0.12758384174606896
5,130.0,-0.02795175822442137,-0.1565622105783509,0.12861045235392954
5,135.0,-0.026963606618995474,-0.1565622105783509,0.12959860395935544
5,140.0,-0.026011136252890525,-0.1565622105783509,0.13055107432546037
5,145.0,-0.02509185984573866,-0.1565622105783509,0.13147035073261223
5,150.0,-0.02420354145779168,-0.1565622105783509,0.1323586691205592
5,155.0,-0.02334416372642977,-0.1565622105783509,0.13321804685192112
5,160.0,-0.022511900273214654,-0.1565622105783509,0.13405031030513626
5,165.0,-0.021705092332191207,-0.1565622105783509,0.1348571182461597
5,170.0,-0.020922228847454073,-0.1565622105783509,0.13563998173089684
5,175.0,-0.020161929439787375,-0.1565622105783509,0.13640028113856353
5,180.0,-0.019422929759937986,-0.1565622105783509,0.13713928081841292
5,185.0,-0.018704068838153044,-0.1565622105783509,0.13785814174019786
5,190.0,-0.018004278112130963,-0.1565622105783509,0.13855793246621995
5,195.0,-0.017322571873057142,-0.1565622105783509,0.13923963870529377
5,200.0,-0.01665803891531798,-0.1565622105783509,0.13990417166303293
6,0.0,-0.17324718376639078,-0.17324718376639078,0.0
6,5.0,-0.12597955938733366,-0.17324718376639078,0.04726762437905713
6,10.0,-0.1099893553572117,-0.17324718376639078,0.06325782840917908
6,15.0,-0.10010473103700636,-0.17324718376639078,0.07314245272938442
6,20.0,-0.09293096639937902,-0.17324718376639078,0.08031621736701176
6,25.0,-0.08729676129352681,-0.17324718376639078,0.08595042247286397
6,30.0,-0.0826566664052501,-0.17324718376639078,0.09059051736114068
6,35.0,-0.07871193500827653,-0.17324718376639078,0.09453524875811425
6,40.0,-0.07528106020564154,-0.17324718376639078,0.09796612356074924
6,45.0,-0.07224546644920922,-0.17324718376639078,0.10100171731718156
6,50.0,-0.06952340815736269,-0.17324718376639078,0.1037237756090281
6,55.0,-0.06705613804905171,-0.17324718376639078,0.10619104571733907
6,60.0,-0.06480001492561861,-0.17324718376639078,0.10844716884077217
6,65.0,-0.06272173097815457,-0.17324718376639078,0.11052545278823621
6,70.0,-0.06079528676988097,-0.17324718376639078,0.11245189699650981
6,75.0,-0.05899999806422383,-0.17324718376639078,0.11424718570216695
6,80.0,-0.05731913897954667,-0.17324718376639078,0.11592804478684411
6,85.0,-0.05573899225456394,-0.17324718376639078,0.11750819151182684
6,90.0,-0.054248168305572164,-0.17324718376639078,0.11899901546081862
6,95.0,-0.052837106657949225,-0.17324718376639078,0.12041007710844157
6,100.0,-0.05149770410653635,-0.17324718376639078,0.12174947965985444
6,105.0,-0.05022303281265394,-0.17324718376639078,0.12302415095373684
6,110.0,-0.049007123434317755,-0.17324718376639078,0.12424006033207302
6,115.0,-0.04784479607760699,-0.17324718376639078,0.12540238768878378
6,120.0,-0.0467315269480326,-0.17324718376639078,0.1265156568183582
6,125.0,-0.04566334202032187,-0.17324718376639078,0.1275838417460689
6,130.0,-0.04463673141246128,-0.17324718376639078,0.1286104523539295
6,135.0,-0.0436485798070354,-0.17324718376639078,0.12959860395935538
6,140.0,-0.042696109440930434,-0.17324718376639078,0.13055107432546034
6,145.0,-0.04177683303377857,-0.17324718376639078,0.1314703507326122
6,150.0,-0.04088851464583159,-0.17324718376639078,0.13235866912055919
6,155.0,-0.04002913691446968,-0.17324718376639078,0.1332180468519211
6,160.0,-0.039196873461254576,-0.17324718376639078,0.1340503103051362
6,165.0,-0.03839006552023113,-0.17324718376639078,0.13485711824615965
6,170.0,-0.037607202035493996,-0.17324718376639078,0.13563998173089678
6,175.0,-0.0368469026278273,-0.17324718376639078,0.13640028113856348
6,180.0,-0.03610790294797791,-0.17324718376639078,0.13713928081841287
6,185.0,-0.03538904202619297,-0.17324718376639078,0.1378581417401978
6,190.0,-0.034689251300170885,-0.17324718376639078,0.1385579324662199
6,195.0,-0.034007545061097065,-0.17324718376639078,0.1392396387052937
6,200.0,-0.033343012103357904,-0.17324718376639078,0.13990417166303287
7,0.0,-0.16191040658258385,-0.16191040658258385,0.0
7,5.0,-0.11464278220352672,-0.16191040658258385,0.04726762437905713
7,10.0,-0.09865257817340475,-0.16191040658258385,0.0632578284091791
7,15.0,-0.08876795385319944,-0.16191040658258385,0.07314245272938441
7,20.0,-0.08159418921557209,-0.16191040658258385,0.08031621736701176
7,25.0,-0.0759599841097199,-0.16191040658258385,0.08595042247286395
7,30.0,-0.07131988922144318,-0.16191040658258385,0.09059051736114067
7,35.0,-0.06737515782446961,-0.16191040658258385,0.09453524875811424
7,40.0,-0.06394428302183461,-0.16191040658258385,0.09796612356074924
7,45.0,-0.0609086892654023,-0.16191040658258385,0.10100171731718155
7,50.0,-0.05818663097355575,-0.16191040658258385,0.1037237756090281
7,55.0,-0.05571936086524479,-0.16191040658258385,0.10619104571733906
7,60.0,-0.05346323774181169,-0.16191040658258385,0.10844716884077216
7,65.0,-0.051384953794347654,-0.16191040658258385,0.1105254527882362
7,70.0,-0.049458509586074034,-0.16191040658258385,0.11245189699650981
7,75.0,-0.0476632208804169,-0.16191040658258385,0.11424718570216695
7,80.0,-0.045982361795739744,-0.16191040658258385,0.1159280447868441
7,85.0,-0.044402215070757,-0.16191040658258385,0.11750819151182684
7,90.0,-0.04291139112176522,-0.16191040658258385,0.11899901546081862
7,95.0,-0.041500329474142277,-0.16191040658258385,0.12041007710844157
7,100.0,-0.0401609269227294,-0.16191040658258385,0.12174947965985444
7,105.0,-0.038886255628847004,-0.16191040658258385,0.12302415095373684
7,110.0,-0.03767034625051082,-0.16191040658258385,0.12424006033207302
7,115.0,-0.03650801889380006,-0.16191040658258385,0.12540238768878378
7,120.0,-0.03539474976422565,-0.16191040658258385,0.1265156568183582
7,125.0,-0.03432656483651494,-0.16191040658258385,0.1275838417460689
7,130.0,-0.03329995422865433,-0.16191040658258385,0.1286104523539295
7,135.0,-0.032311802623228435,-0.16191040658258385,0.1295986039593554
7,140.0,-0.0313593322571235,-0.16191040658258385,0.13055107432546034
7,145.0,-0.030440055849971635,-0.16191040658258385,0.1314703507326122
7,150.0,-0.029551737462024656,-0.16191040658258385,0.13235866912055919
7,155.0,-0.028692359730662746,-0.16191040658258385,0.1332180468519211
7,160.0,-0.027860096277447642,-0.16191040658258385,0.1340503103051362
7,165.0,-0.027053288336424196,-0.16191040658258385,0.13485711824615965
7,170.0,-0.02627042485168706,-0.16191040658258385,0.13563998173089678
7,175.0,-0.025510125444020364,-0.16191040658258385,0.13640028113856348
7,180.0,-0.024771125764170975,-0.16191040658258385,0.13713928081841287
7,185.0,-0.024052264842386033,-0.16191040658258385,0.1378581417401978
7,190.0,-0.02335247411636395,-0.16191040658258385,0.1385579324662199
7,195.0,-0.02267076787729013,-0.16191040658258385,0.1392396387052937
7,200.0,-0.02200623491955097,-0.16191040658258385,0.13990417166303287
8,0.0,-0.19670137972928461,-0.19670137972928461,0.0
8,5.0,-0.14943375535022746,-0.19670137972928461,0.047267624379057155
8,10.0,-0.1334435513201055,-0.19670137972928461,0.06325782840917912
8,15.0,-0.12355892699990018,-0.19670137972928461,0.07314245272938444
8,20.0,-0.11638516236227282,-0.19670137972928461,0.08031621736701179
8,25.0,-0.11075095725642063,-0.19670137972928461,0.08595042247286398
8,30.0,-0.10611086236814392,-0.19670137972928461,0.0905905173611407
8,35.0,-0.10216613097117035,-0.19670137972928461,0.09453524875811427
8,40.0,-0.09873525616853536,-0.19670137972928461,0.09796612356074925
8,45.0,-0.09569966241210304,-0.19670137972928461,0.10100171731718158
8,50.0,-0.0929776041202565,-0.19670137972928461,0.10372377560902811
8,55.0,-0.09051033401194553,-0.19670137972928461,0.10619104571733909
8,60.0,-0.08825421088851243,-0.19670137972928461,0.10844716884077218
8,65.0,-0.08617592694104839,-0.19670137972928461,0.11052545278823622
8,70.0,-0.08424948273277479,-0.19670137972928461,0.11245189699650983
8,75.0,-0.08245419402711765,-0.19670137972928461,0.11424718570216696
8,80.0,-0.08077333494244049,-0.19670137972928461,0.11592804478684413
8,85.0,-0.07919318821745776,-0.19670137972928461,0.11750819151182686
8,90.0,-0.07770236426846598,-0.19670137972928461,0.11899901546081863
8,95.0,-0.07629130262084305,-0.19670137972928461,0.12041007710844157
8,100.0,-0.07495190006943014,-0.19670137972928461,0.12174947965985447
8,105.0,-0.07367722877554775,-0.19670137972928461,0.12302415095373687
8,110.0,-0.07246131939721157,-0.19670137972928461,0.12424006033207305
8,115.0,-0.0712989920405008,-0.19670137972928461,0.1254023876887838
8,120.0,-0.0701857229109264,-0.19670137972928461,0.12651565681835822
8,125.0,-0.06911753798321568,-0.19670137972928461,0.12758384174606893
8,130.0,-0.0680909273753551,-0.19670137972928461,0.1286104523539295
8,135.0,-0.06710277576992918,-0.19670137972928461,0.12959860395935544
8,140.0,-0.06615030540382424,-0.19670137972928461,0.13055107432546037
8,145.0,-0.06523102899667238,-0.19670137972928461,0.13147035073261223
8,150.0,-0.0643427106087254,-0.19670137972928461,0.1323586691205592
8,155.0,-0.06348333287736349,-0.19670137972928461,0.13321804685192112
8,160.0,-0.06265106942414839,-0.19670137972928461,0.13405031030513623
8,165.0,-0.06184426148312494,-0.19670137972928461,0.13485711824615967
8,170.0,-0.06106139799838778,-0.19670137972928461,0.13563998173089684
8,175.0,-0.06030109859072108,-0.19670137972928461,0.13640028113856353
8,180.0,-0.05956209891087172,-0.19670137972928461,0.1371392808184129
8,185.0,-0.05884323798908675,-0.19670137972928461,0.13785814174019786
8,190.0,-0.058143447263064696,-0.19670137972928461,0.13855793246621992
8,195.0,-0.057461741023990875,-0.19670137972928461,0.13923963870529374
8,200.0,-0.056797208066251714,-0.19670137972928461,0.1399041716630329
9,0.0,-0.21473472074177447,-0.21473472074177447,0.0
9,5.0,-0.16746709636271734,-0.21473472074177447,0.04726762437905713
9,10.0,-0.15147689233259534,-0.21473472074177447,0.06325782840917912
9,15.0,-0.14159226801239003,-0.21473472074177447,0.07314245272938444
9,20.0,-0.13441850337476266,-0.21473472074177447,0.0803162173670118
9,25.0,-0.12878429826891047,-0.21473472074177447,0.085950422472864
9,30.0,-0.12414420338063376,-0.21473472074177447,0.09059051736114071
9,35.0,-0.12019947198366018,-0.21473472074177447,0.09453524875811428
9,40.0,-0.1167685971810252,-0.21473472074177447,0.09796612356074927
9,45.0,-0.11373300342459289,-0.21473472074177447,0.10100171731718158
9,50.0,-0.11101094513274634,-0.21473472074177447,0.10372377560902812
9,55.0,-0.10854367502443535,-0.21473472074177447,0.10619104571733912
9,60.0,-0.10628755190100225,-0.21473472074177447,0.10844716884077221
9,65.0,-0.10420926795353821,-0.21473472074177447,0.11052545278823625
9,70.0,-0.10228282374526462,-0.21473472074177447,0.11245189699650984
9,75.0,-0.10048753503960749,-0.21473472074177447,0.11424718570216698
9,80.0,-0.09880667595493033,-0.21473472074177447,0.11592804478684414
9,85.0,-0.09722652922994761,-0.21473472074177447,0.11750819151182686
9,90.0,-0.09573570528095583,-0.21473472074177447,0.11899901546081863
9,95.0,-0.09432464363333289,-0.21473472074177447,0.12041007710844158
9,100.0,-0.09298524108192001,-0.21473472074177447,0.12174947965985446
9,105.0,-0.09171056978803759,-0.21473472074177447,0.12302415095373688
9,110.0,-0.0904946604097014,-0.21473472074177447,0.12424006033207306
9,115.0,-0.08933233305299064,-0.21473472074177447,0.1254023876887838
9,120.0,-0.08821906392341626,-0.21473472074177447,0.1265156568183582
9,125.0,-0.08715087899570552,-0.21473472074177447,0.12758384174606896
9,130.0,-0.08612426838784494,-0.21473472074177447,0.12861045235392954
9,135.0,-0.08513611678241904,-0.21473472074177447,0.1295986039593554
9,140.0,-0.08418364641631408,-0.21473472074177447,0.13055107432546037
9,145.0,-0.08326437000916222,-0.21473472074177447,0.13147035073261226
9,150.0,-0.08237605162121524,-0.21473472074177447,0.1323586691205592
9,155.0,-0.08151667388985333,-0.21473472074177447,0.13321804685192112
9,160.0,-0.08068441043663822,-0.21473472074177447,0.13405031030513626
9,165.0,-0.07987760249561478,-0.21473472074177447,0.1348571182461597
9,170.0,-0.07909473901087764,-0.21473472074177447,0.1356399817308968
9,175.0,-0.07833443960321095,-0.21473472074177447,0.1364002811385635
9,180.0,-0.07759543992336156,-0.21473472074177447,0.13713928081841292
9,185.0,-0.07687657900157661,-0.21473472074177447,0.13785814174019784
9,190.0,-0.07617678827555453,-0.21473472074177447,0.13855793246621995
9,195.0,-0.07549508203648071,-0.21473472074177447,0.13923963870529377
9,200.0,-0.07483054907874155,-0.21473472074177447,0.13990417166303293
10,0.0,-0.19050139629996296,-0.19050139629996296,0.0
10,5.0,-0.14323377192090583,-0.19050139629996296,0.04726762437905713
10,10.0,-0.12724356789078387,-0.19050139629996296,0.0632578284091791
10,15.0,-0.11735894357057854,-0.19050139629996296,0.07314245272938442
10,20.0,-0.11018517893295118,-0.19050139629996296,0.08031621736701178
10,25.0,-0.10455097382709899,-0.19050139629996296,0.08595042247286397
10,30.0,-0.09991087893882228,-0.19050139629996296,0.09059051736114068
10,35.0,-0.0959661475418487,-0.19050139629996296,0.09453524875811425
10,40.0,-0.09253527273921372,-0.19050139629996296,0.09796612356074924
10,45.0,-0.0894996789827814,-0.19050139629996296,0.10100171731718156
10,50.0,-0.08677762069093486,-0.19050139629996296,0.1037237756090281
10,55.0,-0.08431035058262387,-0.19050139629996296,0.10619104571733909
10,60.0,-0.08205422745919078,-0.19050139629996296,0.10844716884077218
10,65.0,-0.07997594351172674,-0.19050139629996296,0.11052545278823622
10,70.0,-0.07804949930345315,-0.19050139629996296,0.11245189699650981
10,75.0,-0.076254210597796,-0.19050139629996296,0.11424718570216696
10,80.0,-0.07457335151311884,-0.19050139629996296,0.11592804478684413
10,85.0,-0.07299320478813612,-0.19050139629996296,0.11750819151182684
10,90.0,-0.07150238083914434,-0.19050139629996296,0.11899901546081862
10,95.0,-0.0700913191915214,-0.19050139629996296,0.12041007710844157
10,100.0,-0.06875191664010852,-0.19050139629996296,0.12174947965985444
10,105.0,-0.0674772453462261,-0.19050139629996296,0.12302415095373687
10,110.0,-0.06626133596788991,-0.19050139629996296,0.12424006033207305
10,115.0,-0.06509900861117915,-0.19050139629996296,0.1254023876887838
10,120.0,-0.06398573948160477,-0.19050139629996296,0.1265156568183582
10,125.0,-0.06291755455389403,-0.19050139629996296,0.12758384174606893
10,130.0,-0.06189094394603345,-0.19050139629996296,0.1286104523539295
10,135.0,-0.06090279234060755,-0.19050139629996296,0.1295986039593554
10,140.0,-0.05995032197450259,-0.19050139629996296,0.13055107432546037
10,145.0,-0.059031045567350726,-0.19050139629996296,0.13147035073261223
10,150.0,-0.05814272717940375,-0.19050139629996296,0.1323586691205592
10,155.0,-0.05728334944804184,-0.19050139629996296,0.13321804685192112
10,160.0,-0.05645108599482673,-0.19050139629996296,0.13405031030513623
10,165.0,-0.05564427805380329,-0.19050139629996296,0.13485711824615967
10,170.0,-0.05486141456906615,-0.19050139629996296,0.1356399817308968
10,175.0,-0.054101115161399455,-0.19050139629996296,0.1364002811385635
10,180.0,-0.053362115481550065,-0.19050139629996296,0.1371392808184129
10,185.0,-0.052643254559765124,-0.19050139629996296,0.13785814174019784
10,190.0,-0.05194346383374304,-0.19050139629996296,0.13855793246621992
10,195.0,-0.05126175759466922,-0.19050139629996296,0.13923963870529374
10,200.0,-0.05059722463693006,-0.19050139629996296,0.1399041716630329
11,0.0,-0.10673232689126408,-0.10673232689126408,0.0
11,5.0,-0.05946470251220695,-0.10673232689126408,0.04726762437905713
11,10.0,-0.04347449848208499,-0.10673232689126408,0.0632578284091791
11,15.0,-0.03358987416187966,-0.10673232689126408,0.07314245272938441
11,20.0,-0.02641610952425231,-0.10673232689126408,0.08031621736701178
11,25.0,-0.02078190441840011,-0.10673232689126408,0.08595042247286397
11,30.0,-0.016141809530123397,-0.10673232689126408,0.09059051736114068
11,35.0,-0.012197078133149826,-0.10673232689126408,0.09453524875811425
11,40.0,-0.008766203330514836,-0.10673232689126408,0.09796612356074924
11,45.0,-0.005730609574082517,-0.10673232689126408,0.10100171731718156
11,50.0,-0.0030085512822359845,-0.10673232689126408,0.1037237756090281
11,55.0,-0.0005412811739250057,-0.10673232689126408,0.10619104571733907
11,60.0,0.0017148419495080901,-0.10673232689126408,0.10844716884077217
11,65.0,0.003793125896972128,-0.10673232689126408,0.11052545278823621
11,70.0,0.005719570105245734,-0.10673232689126408,0.11245189699650981
11,75.0,0.00751485881090287,-0.10673232689126408,0.11424718570216695
11,80.0,0.009195717895580031,-0.10673232689126408,0.11592804478684411
11,85.0,0.010775864620562762,-0.10673232689126408,0.11750819151182684
11,90.0,0.012266688569554538,-0.10673232689126408,0.11899901546081862
11,95.0,0.013677750217177485,-0.10673232689126408,0.12041007710844157
11,100.0,0.015017152768590362,-0.10673232689126408,0.12174947965985444
11,105.0,0.016291824062472773,-0.10673232689126408,0.12302415095373685
11,110.0,0.017507733440808956,-0.10673232689126408,0.12424006033207304
11,115.0,0.01867006079751972,-0.10673232689126408,0.1254023876887838
11,120.0,0.019783329927094112,-0.10673232689126408,0.1265156568183582
11,125.0,0.02085151485480484,-0.10673232689126408,0.1275838417460689
11,130.0,0.021878125462665418,-0.10673232689126408,0.12861045235392948
11,135.0,0.02286627706809134,-0.10673232689126408,0.1295986039593554
11,140.0,0.023818747434196277,-0.10673232689126408,0.13055107432546037
11,145.0,0.024738023841348142,-0.10673232689126408,0.1314703507326122
11,150.0,0.02562634222929512,-0.10673232689126408,0.1323586691205592
11,155.0,0.02648571996065703,-0.10673232689126408,0.13321804685192112
11,160.0,0.027317983413872135,-0.10673232689126408,0.1340503103051362
11,165.0,0.02812479135489558,-0.10673232689126408,0.13485711824615965
11,170.0,0.028907654839632743,-0.10673232689126408,0.1356399817308968
11,175.0,0.02966795424729944,-0.10673232689126408,0.1364002811385635
11,180.0,0.030406953927148803,-0.10673232689126408,0.13713928081841287
11,185.0,0.031125814848933772,-0.10673232689126408,0.13785814174019784
11,190.0,0.031825605574955826,-0.10673232689126408,0.1385579324662199
11,195.0,0.032507311814029646,-0.10673232689126408,0.1392396387052937
11,200.0,0.03317184477176881,-0.10673232689126408,0.13990417166303287
12,0.0,-0.057474522248208204,0.15252551027602373,-0.21000003252423194
12,5.0,0.04080304095176536,0.15252551027602373,-0.11172246932425837
12,10.0,0.07404943968228964,0.15252551027602373,-0.0784760705937341
12,15.0,0.09460128260011119,0.15252551027602373,-0.05792422767591254
12,20.0,0.10951677955638581,0.15252551027602373,-0.04300873071963793
12,25.0,0.12123126607112036,0.15252551027602373,-0.03129424420490337
12,30.0,0.13087882557145641,0.15252551027602373,-0.02164668470456732
12,35.0,0.13908060415173892,0.15252551027602373,-0.013444906124284811
12,40.0,0.14621398603154734,0.15252551027602373,-0.006311524244476396
12,45.0,0.15252551027602373,0.15252551027602373,0.0
12,50.0,0.15818514008237147,0.15252551027602373,0.005659629806347738
12,55.0,0.16331502120473165,0.15252551027602373,0.010789510928707918
12,60.0,0.16800589124025553,0.15252551027602373,0.015480380964231794
12,65.0,0.17232700288226316,0.15252551027602373,0.019801492606239424
12,70.0,0.17633241345486894,0.15252551027602373,0.023806903178845207
12,75.0,0.18006512906201483,0.15252551027602373,0.027539618785991093
12,80.0,0.18355992570336666,0.15252551027602373,0.03103441542734292
12,85.0,0.18684532393671915,0.15252551027602373,0.03431981366069542
12,90.0,0.1899450046757408,0.15252551027602373,0.03741949439971706
12,95.0,0.1928788458000848,0.15252551027602373,0.04035333552406106
12,100.0,0.19566369527424216,0.15252551027602373,0.04313818499821842
12,105.0,0.19831395727258416,0.15252551027602373,0.04578844699656043
12,110.0,0.20084204308913772,0.15252551027602373,0.04831653281311399
12,115.0,0.20325872261891778,0.15252551027602373,0.050733212342894046
12,120.0,0.20557340161278748,0.15252551027602373,0.05304789133676374
12,125.0,0.20779434275635936,0.15252551027602373,0.05526883248033562
12,130.0,0.20992884370116432,0.15252551027602373,0.05740333342514059
12,135.0,0.21198338173071735,0.15252551027602373,0.05945787145469361
12,140.0,0.21396373229478027,0.15252551027602373,0.06143822201875654
12,145.0,0.21587506687926472,0.15252551027602373,0.06334955660324099
12,150.0,0.21772203438947954,0.15252551027602373,0.0651965241134558
12,155.0,0.21950882927109394,0.15252551027602373,0.0669833189950702
12,160.0,0.22123924888064417,0.15252551027602373,0.06871373860462043
12,165.0,0.2229167420793357,0.15252551027602373,0.07039123180331197
12,170.0,0.2245444506136426,0.15252551027602373,0.07201894033761885
12,175.0,0.22612524453060903,0.15252551027602373,0.0735997342545853
12,180.0,0.22766175263092597,0.15252551027602373,0.07513624235490224
12,185.0,0.22915638877143002,0.15252551027602373,0.07663087849540628
12,190.0,0.23061137467789034,0.15252551027602373,0.0780858644018666
12,195.0,0.23202875980935211,0.15252551027602373,0.07950324953332838
12,200.0,0.23341043871982453,0.15252551027602373,0.0808849284438008
13,0.0,-0.058381585291627,0.13995052038549116,-0.19833210567711818
13,5.0,0.041570211903173164,0.13995052038549116,-0.09838030848231799
13,10.0,0.07538298864662134,0.13995052038549116,-0.06456753173886982
13,15.0,0.09628494804015708,0.13995052038549116,-0.04366557234533408
13,20.0,0.11145454197686977,0.13995052038549116,-0.028495978408621392
13,25.0,0.12336859379335077,0.13995052038549116,-0.01658192659214039
13,30.0,0.13318050690153638,0.13995052038549116,-0.006770013483954784
13,35.0,0.14152200909797336,0.13995052038549116,0.0015714887124821941
13,40.0,0.1487769136331304,0.13995052038549116,0.00882639324763923
13,45.0,0.15519595955503965,0.13995052038549116,0.015245439169548486
13,50.0,0.16095200551489577,0.13995052038549116,0.021001485129404612
13,55.0,0.16616927811385374,0.13995052038549116,0.026218757728362574
13,60.0,0.17094006073392964,0.13995052038549116,0.030989540348438482
13,65.0,0.17533478584142148,0.13995052038549116,0.03538426545593032
13,70.0,0.17940843166860154,0.13995052038549116,0.03945791128311038
13,75.0,0.1832047369615213,0.13995052038549116,0.043254216576030124
13,80.0,0.18675907015578957,0.13995052038549116,0.04680854977029841
13,85.0,0.19010043767887333,0.13995052038549116,0.05014991729338217
13,90.0,0.1932529238670474,0.13995052038549116,0.05330240348155624
13,95.0,0.19623674523495727,0.13995052038549116,0.056286224849466104
13,100.0,0.19906903676514756,0.13995052038549116,0.0591185163796564
13,105.0,0.20176444801819576,0.13995052038549116,0.0618139276327046
13,110.0,0.20433560172408333,0.13995052038549116,0.06438508133859216
13,115.0,0.20679345125128312,0.13995052038549116,0.06684293086579196
13,120.0,0.2091475625848697,0.13995052038549116,0.06919704219937853
13,125.0,0.21140633917166995,0.13995052038549116,0.07145581878617879
13,130.0,0.21357720298433025,0.13995052038549116,0.07362668259883909
13,135.0,0.21566674165187977,0.13995052038549116,0.0757162212663886
13,140.0,0.21768082901331604,0.13995052038549116,0.07773030862782487
13,145.0,0.219624724654797,0.13995052038549116,0.07967420426930583
13,150.0,0.22150315667931458,0.13995052038549116,0.08155263629382342
13,155.0,0.22332039098815093,0.13995052038549116,0.08336987060265977
13,160.0,0.22508028962873627,0.13995052038549116,0.08512976924324511
13,165.0,0.22678636021628334,0.13995052038549116,0.08683583983079218
13,170.0,0.22844179801933756,0.13995052038549116,0.0884912776338464
13,175.0,0.23004952197840545,0.13995052038549116,0.09009900159291429
13,180.0,0.23161220567782265,0.13995052038549116,0.09166168529233149
13,185.0,0.23313230409633656,0.13995052038549116,0.0931817837108454
13,190.0,0.2346120768085262,0.13995052038549116,0.09466155642303503
13,195.0,0.23605360818755033,0.13995052038549116,0.09610308780205917
13,200.0,0.2374588250626052,0.13995052038549116,0.09750830467711405
14,0.0,0.006649444206268829,0.20894816657221676,-0.20229872236594793
14,5.0,0.09883833691684714,0.20894816657221676,-0.11010982965536963
14,10.0,0.13002499423500735,0.20894816657221676,-0.07892317233720941
14,15.0,0.14930357196999355,0.20894816657221676,-0.05964459460222321
14,20.0,0.16329499690824772,0.20894816657221676,-0.04565316966396904
14,25.0,0.17428372623061528,0.20894816657221676,-0.03466444034160149
14,30.0,0.1833335825633946,0.20894816657221676,-0.02561458400882216
14,35.0,0.19102722962742547,0.20894816657221676,-0.0179209369447913
14,40.0,0.19771867124816578,0.20894816657221676,-0.011229495324050986
14,45.0,0.20363917245382046,0.20894816657221676,-0.005308994118396304
14,50.0,0.20894816657221676,0.20894816657221676,0.0
14,55.0,0.21376023196139415,0.20894816657221676,0.004812065389177389
14,60.0,0.21816048467771604,0.20894816657221676,0.009212318105499273
14,65.0,0.22221388694558564,0.20894816657221676,0.013265720373368872
14,70.0,0.22597114703137366,0.20894816657221676,0.0170229804591569
14,75.0,0.22947260664658692,0.20894816657221676,0.020524440074370154
14,80.0,0.23275088728485738,0.20894816657221676,0.023802720712640613
14,85.0,0.2358327425464674,0.20894816657221676,0.026884575974250646
14,90.0,0.23874038622201577,0.20894816657221676,0.029792219649799
14,95.0,0.2414924646805719,0.20894816657221676,0.03254429810835513
14,100.0,0.24410478209086228,0.20894816657221676,0.03515661551864552
14,105.0,0.24659085023362776,0.20894816657221676,0.03764268366141099
14,110.0,0.2489623114758155,0.20894816657221676,0.040014144903598725
14,115.0,0.25122926847630006,0.20894816657221676,0.042281101904083296
14,120.0,0.2534005442637459,0.20894816657221676,0.044452377691529155
14,125.0,0.255483889618826,0.20894816657221676,0.046535723046609245
14,130.0,0.25748615007567976,0.20894816657221676,0.048537983503463
14,135.0,0.25941340162536325,0.20894816657221676,0.050465235053146484
14,140.0,0.26127106190646165,0.20894816657221676,0.05232289533424489
14,145.0,0.2630639820115778,0.20894816657221676,0.05411581543936106
14,150.0,0.26479652282857646,0.20894816657221676,0.0558483562563597
14,155.0,0.26647261894119356,0.20894816657221676,0.0575244523689768
14,160.0,0.268095832445221,0.20894816657221676,0.05914766587300424
14,165.0,0.2696693985317369,0.20894816657221676,0.06072123195952012
14,170.0,0.27119626430401883,0.20894816657221676,0.062248097731802066
14,175.0,0.27267912199873207,0.20894816657221676,0.0637309554265153
14,180.0,0.2741204375523221,0.20894816657221676,0.06517227098010536
14,185.0,0.27552247527397294,0.20894816657221676,0.06657430870175618
14,190.0,0.27688731924505455,0.20894816657221676,0.06793915267283779
14,195.0,0.2782168919527947,0.20894816657221676,0.06926872538057793
14,200.0,0.2795129705763441,0.20894816657221676,0.07056480400412735
15,0.0,-0.05670779235417815,0.15439293889423486,-0.211100731248413
15,5.0,0.03424012000448224,0.15439293889423486,-0.12015281888975263
15,10.0,0.06500696504552426,0.15439293889423486,-0.0893859738487106
15,15.0,0.08402602847809718,0.15439293889423486,-0.07036691041613768
15,20.0,0.0978291109497787,0.15439293889423486,-0.05656382794445616
15,25.0,0.10866991792726664,0.15439293889423486,-0.04572302096696822
15,30.0,0.11759795162429836,0.15439293889423486,-0.036794987269936505
15,35.0,0.12518803236314263,0.15439293889423486,-0.02920490653109223
15,40.0,0.1317893986252016,0.15439293889423486,-0.022603540269033273
15,45.0,0.13763020231574682,0.15439293889423486,-0.016762736578488036
15,50.0,0.14286773058619048,0.15439293889423486,-0.011525208308044377
15,55.0,0.14761501942339367,0.15439293889423486,-0.006777919470841193
15,60.0,0.15195603911278707,0.15439293889423486,-0.0024368997814477877
15,65.0,0.15595487740418462,0.15439293889423486,0.0015619385099497618
15,70.0,0.15966155996586517,0.15439293889423486,0.005268621071630314
15,75.0,0.16311588545832512,0.15439293889423486,0.008722946564090256
15,80.0,0.16635003624818812,0.15439293889423486,0.011957097353953255
15,85.0,0.16939040579807457,0.15439293889423486,0.014997466903839712
15,90.0,0.17225890887256312,0.15439293889423486,0.01786596997832826
15,95.0,0.1749739408367576,0.15439293889423486,0.020581001942522742
15,100.0,0.17755109311506923,0.15439293889423486,0.023158154220834365
15,105.0,0.18000369560239626,0.15439293889423486,0.025610756708161403
15,110.0,0.182343233944543,0.15439293889423486,0.027950295050308133
15,115.0,0.1845796748056801,0.15439293889423486,0.030186735911445245
15,120.0,0.18672172244522672,0.15439293889423486,0.03232878355099186
15,125.0,0.18877702330843915,0.15439293889423486,0.03438408441420429
15,130.0,0.1907523307798158,0.15439293889423486,0.03635939188558093
15,135.0,0.19265363905980548,0.15439293889423486,0.03826070016557062
15,140.0,0.1944862928586521,0.15439293889423486,0.04009335396441724
15,145.0,0.19625507796705022,0.15439293889423486,0.04186213907281536
15,150.0,0.19796429656973896,0.15439293889423486,0.0435713576755041
15,155.0,0.1996178302859271,0.15439293889423486,0.04522489139169225
15,160.0,0.20121919326104332,0.15439293889423486,0.046826254366808456
15,165.0,0.20277157713635785,0.15439293889423486,0.04837863824212299
15,170.0,0.20427788934337066,0.15439293889423486,0.049884950449135795
15,175.0,0.2057407858777996,0.15439293889423486,0.05134784698356473
15,180.0,0.20716269948143312,0.15439293889423486,0.05276976058719826
15,185.0,0.20854586398295877,0.15439293889423486,0.05415292508872391
15,190.0,0.20989233540934715,0.15439293889423486,0.05549939651511229
15,195.0,0.21120401036869013,0.15439293889423486,0.05681107147445527
15,200.0,0.212482642117035,0.15439293889423486,0.05808970322280013
16,0.0,-0.0699833188418863,0.13534143104001847,-0.20532474988190477
16,5.0,0.02610626667143604,0.13534143104001847,-0.10923516436858244
16,10.0,0.05861249260752625,0.13534143104001847,-0.07672893843249223
16,15.0,0.07870678476544286,0.13534143104001847,-0.05663464627457561
16,20.0,0.09329021432542643,0.13534143104001847,-0.04205121671459204
16,25.0,0.10474389833071472,0.13534143104001847,-0.03059753270930375
16,30.0,0.11417667182873178,0.13534143104001847,-0.021164759211286688
16,35.0,0.1221958521847584,0.13534143104001847,-0.013145578855260076
16,40.0,0.12917042182019298,0.13534143104001847,-0.006171009219825496
16,45.0,0.13534143104001847,0.13534143104001847,0.0
16,50.0,0.14087505910875903,0.13534143104001847,0.005533628068740554
16,55.0,0.14589073241943326,0.13534143104001847,0.010549301379414788
16,60.0,0.150477168455634,0.13534143104001847,0.015135737415615524
16,65.0,0.1547020781208486,0.13534143104001847,0.01936064708083013
16,70.0,0.15861831524762002,0.13534143104001847,0.023276884207601545
16,75.0,0.16226792848436603,0.13534143104001847,0.026926497444347552
16,80.0,0.16568491960407397,0.13534143104001847,0.0303434885640555
16,85.0,0.16889717420430936,0.13534143104001847,0.033555743164290885
16,90.0,0.1719278459847051,0.13534143104001847,0.03658641494468662
16,95.0,0.17479637027876524,0.13534143104001847,0.03945493923874677
16,100.0,0.17751921996058198,0.13534143104001847,0.04217778892056351
16,105.0,0.18011047852083154,0.13534143104001847,0.04476904748081306
16,110.0,0.18258228093783332,0.13534143104001847,0.04724084989781485
16,115.0,0.18494515733376696,0.13534143104001847,0.049603726293748485
16,120.0,0.1872083040569388,0.13534143104001847,0.051866873016920334
16,125.0,0.18937979983874878,0.13534143104001847,0.05403836879873031
16,130.0,0.19146677986130758,0.13534143104001847,0.05612534882128911
16,135.0,0.19347557720276584,0.13534143104001847,0.05813414616274737
16,140.0,0.19541183873261964,0.13534143104001847,0.06007040769260116
16,145.0,0.19728062080271108,0.13534143104001847,0.06193918976269261
16,150.0,0.19908646881862083,0.13534143104001847,0.06374503777860235
16,155.0,0.20083348384403713,0.13534143104001847,0.06549205280401865
16,160.0,0.20252537869400886,0.13534143104001847,0.06718394765399038
16,165.0,0.2041655254468918,0.13534143104001847,0.06882409440687332
16,170.0,0.2057569959036816,0.13534143104001847,0.07041556486366313
16,175.0,0.2073025962148554,0.13534143104001847,0.07196116517483692
16,180.0,0.20880489665546456,0.13534143104001847,0.07346346561544609
16,185.0,0.2102662573420542,0.13534143104001847,0.07492482630203573
16,190.0,0.21168885053756328,0.13534143104001847,0.07634741949754481
16,195.0,0.21307468007342364,0.13534143104001847,0.07773324903340517
16,200.0,0.21442559832472022,0.13534143104001847,0.07908416728470175
17,0.0,-0.05885842219284891,0.15959525579429645,-0.21845367798714538
17,5.0,0.03525733876404868,0.15959525579429645,-0.12433791703024777
17,10.0,0.06709583794654131,0.15959525579429645,-0.09249941784775514
17,15.0,0.08677736313191467,0.15959525579429645,-0.07281789266238178
17,20.0,0.1010612271226577,0.15959525579429645,-0.058534028671638746
17,25.0,0.1122796352379482,0.15959525579429645,-0.04731562055634825
17,30.0,0.12151864538621081,0.15959525579429645,-0.038076610408085645
17,35.0,0.12937309972094627,0.15959525579429645,-0.030222156073350187
17,40.0,0.13620440120985514,0.15959525579429645,-0.023390854584441317
17,45.0,0.1422486486222387,0.15959525579429645,-0.017346607172057743
17,50.0,0.14766860765067846,0.15959525579429645,-0.01192664814361799
17,55.0,0.1525812514905237,0.15959525579429645,-0.007014004303772747
17,60.0,0.1570734752348682,0.15959525579429645,-0.002521780559428255
17,65.0,0.1612115989034389,0.15959525579429645,0.0016163431091424374
17,70.0,0.1650473906315929,0.15959525579429645,0.005452134837296452
17,75.0,0.16862203532528958,0.15959525579429645,0.009026779530993123
17,80.0,0.1719688363099779,0.15959525579429645,0.012373580515681437
17,85.0,0.17511510637112337,0.15959525579429645,0.015519850576826921
17,90.0,0.1780835235965572,0.15959525579429645,0.01848826780226076
17,95.0,0.18089312408881225,0.15959525579429645,0.021297868294515798
17,100.0,0.18356004234438017,0.15959525579429645,0.023964786550083716
17,105.0,0.1860980725578641,0.15959525579429645,0.026502816763567638
17,110.0,0.18851910043688402,0.15959525579429645,0.02892384464258757
17,115.0,0.19083343979907802,0.15959525579429645,0.031238184004781566
17,120.0,0.19305009808593154,0.15959525579429645,0.03345484229163509
17,125.0,0.1951769880795553,0.15959525579429645,0.03558173228525885
17,130.0,0.1972210983946917,0.15959525579429645,0.037625842600395254
17,135.0,0.19918863201854448,0.15959525579429645,0.03959337622424802
17,140.0,0.20108511982542016,0.15959525579429645,0.0414898640311237
17,145.0,0.20291551430209193,0.15959525579429645,0.04332025850779547
17,150.0,0.20468426748467572,0.15959525579429645,0.045089011690379266
17,155.0,0.20639539619484576,0.15959525579429645,0.046800140400549306
17,160.0,0.2080525369808477,0.15959525579429645,0.04845728118655124
17,165.0,0.20965899265347793,0.15959525579429645,0.050063736859181474
17,170.0,0.21121777191432117,0.15959525579429645,0.05162251612002472
17,175.0,0.21273162327130485,0.15959525579429645,0.053136367477008395
17,180.0,0.21420306420216634,0.15959525579429645,0.054607808407869884
17,185.0,0.21563440634310843,0.15959525579429645,0.05603915054881198
17,190.0,0.21702777733552342,0.15959525579429645,0.057432521541226966
17,195.0,0.21838513984913271,0.15959525579429645,0.05878988405483626
17,200.0,0.21970830820845205,0.15959525579429645,0.0601130524141556
18,0.0,-0.05934621603021362,0.14722112904811616,-0.20656734507832977
18,5.0,0.037324889526133255,0.14722112904811616,-0.10989623952198291
18,10.0,0.07002783836204593,0.14722112904811616,-0.07719329068607023
18,15.0,0.0902437382215443,0.14722112904811616,-0.056977390826571855
18,20.0,0.1049154245529549,0.14722112904811616,-0.04230570449516126
18,25.0,0.11643842456975438,0.14722112904811616,-0.030782704478361775
18,30.0,0.12592828382603655,0.14722112904811616,-0.02129284522207961
18,35.0,0.13399599508248014,0.14722112904811616,-0.013225133965636016
18,40.0,0.14101277378784466,0.14722112904811616,-0.0062083552602714975
18,45.0,0.14722112904811616,0.14722112904811616,0.0
18,50.0,0.15278824582029346,0.14722112904811616,0.005567116772177305
18,55.0,0.15783427324836594,0.14722112904811616,0.01061314420024978
18,60.0,0.1624484657210926,0.14722112904811616,0.015227336672976433
18,65.0,0.16669894391839277,0.14722112904811616,0.01947781487027661
18,70.0,0.17063888153643278,0.14722112904811616,0.023417752488316623
18,75.0,0.1743105816958678,0.14722112904811616,0.027089452647751644
18,80.0,0.177748251943416,0.14722112904811616,0.030527122895299852
18,85.0,0.18097994663617917,0.14722112904811616,0.03375881758806301
18,90.0,0.18402895959657598,0.14722112904811616,0.03680783054845982
18,95.0,0.18691484377789122,0.14722112904811616,0.039693714729775065
18,100.0,0.18965417174562899,0.14722112904811616,0.04243304269751283
18,105.0,0.1922611122216802,0.14722112904811616,0.04503998317356406
18,110.0,0.19474787362346901,0.14722112904811616,0.04752674457535286
18,115.0,0.19712504979992607,0.14722112904811616,0.04990392075180991
18,120.0,0.1994018927543055,0.14722112904811616,0.05218076370618935
18,125.0,0.2015865301093018,0.14722112904811616,0.05436540106118565
18,130.0,0.20368614022809867,0.14722112904811616,0.05646501117998251
18,135.0,0.20570709451570454,0.14722112904811616,0.058485965467588386
18,140.0,0.20765507401563937,0.14722112904811616,0.06043394496752322
18,145.0,0.20953516568004324,0.14722112904811616,0.06231403663192708
18,150.0,0.21135194242262298,0.14722112904811616,0.06413081337450682
18,155.0,0.21310953012610126,0.14722112904811616,0.0658884010779851
18,160.0,0.2148116640749378,0.14722112904811616,0.06759053502682164
18,165.0,0.21646173675481073,0.14722112904811616,0.06924060770669457
18,170.0,0.2180628385568036,0.14722112904811616,0.07084170950868746
18,175.0,0.21961779261380385,0.14722112904811616,0.07239666356568769
18,180.0,0.2211291847557893,0.14722112904811616,0.07390805570767314
18,185.0,0.22259938938238347,0.14722112904811616,0.07537826033426731
18,190.0,0.22403059190274124,0.14722112904811616,0.07680946285462509
18,195.0,0.2254248082751876,0.14722112904811616,0.07820367922707144
18,200.0,0.22678390208510912,0.14722112904811616,0.07956277303699297
19,0.0,-0.09922967307326445,0.08522104748693293,-0.1844507205601974
19,5.0,-0.002988392751073576,0.08522104748693293,-0.0882094402380065
19,10.0,0.029569150148286576,0.08522104748693293,-0.05565189733864635
19,15.0,0.049695164784679516,0.08522104748693293,-0.03552588270225342
19,20.0,0.06430161692872284,0.08522104748693293,-0.020919430558210092
19,25.0,0.07577338264803604,0.08522104748693293,-0.009447664838896891
19,30.0,0.08522104748693296,0.08522104748693293,2.7755575615628914e-17
19,35.0,0.09325288757111731,0.08522104748693293,0.00803184008418438
19,40.0,0.10023846782754824,0.08522104748693293,0.015017420340615303
19,45.0,0.10641921910276013,0.08522104748693293,0.021198171615827197
19,50.0,0.11196158300533486,0.08522104748693293,0.02674053551840193
19,55.0,0.11698517446447594,0.08522104748693293,0.03176412697754301
19,60.0,0.12157885102038733,0.08522104748693293,0.0363578035334544
19,65.0,0.12581043047047744,0.08522104748693293,0.0405893829835445
19,70.0,0.1297328500866337,0.08522104748693293,0.04451180259970078
19,75.0,0.1333882248986788,0.08522104748693293,0.048167177411745865
19,80.0,0.13681061035755515,0.08522104748693293,0.05158956287062222
19,85.0,0.140027936083293,0.08522104748693293,0.05480688859636007
19,90.0,0.14306339232783244,0.08522104748693293,0.05784234484089951
19,95.0,0.1459364451068704,0.08522104748693293,0.06071539761993747
19,100.0,0.14866359329991347,0.08522104748693293,0.06344254581298053
19,105.0,0.15125894263097783,0.08522104748693293,0.0660378951440449
19,110.0,0.1537346472356434,0.08522104748693293,0.06851359974871046
19,115.0,0.1561012538597943,0.08522104748693293,0.07088020637286135
19,120.0,0.15836797336983763,0.08522104748693293,0.0731469258829047
19,125.0,0.16054289725091375,0.08522104748693293,0.07532184976398082
19,130.0,0.16263317194931012,0.08522104748693293,0.07741212446237719
19,135.0,0.16464514054108798,0.08522104748693293,0.07942409305415504
19,140.0,0.16658445881034928,0.08522104748693293,0.08136341132341635
19,145.0,0.16845619109130305,0.08522104748693293,0.08323514360437012
19,150.0,0.17026488996527567,0.08522104748693293,0.08504384247834273
19,155.0,0.17201466297022694,0.08522104748693293,0.086793615483294
19,160.0,0.1737092287825566,0.08522104748693293,0.08848818129562366
19,165.0,0.17535196480405657,0.08522104748693293,0.09013091731712364
19,170.0,0.17694594768511662,0.08522104748693293,0.09172490019818369
19,175.0,0.1784939880062305,0.08522104748693293,0.09327294051929758
19,180.0,0.17999866010009413,0.08522104748693293,0.0947776126131612
19,185.0,0.18146232780912386,0.08522104748693293,0.09624128032219093
19,190.0,0.1828871668255691,0.08522104748693293,0.09766611933863617
19,195.0,0.18427518414427235,0.08522104748693293,0.09905413665733942
19,200.0,0.18562823506462803,0.08522104748693293,0.1004071875776951
20,0.0,-0.12439267454436892,0.0769634525617314,-0.20135612710610032
20,5.0,-0.02724046073271482,0.0769634525617314,-0.10420391329444623
20,10.0,0.005625242615699796,0.0769634525617314,-0.0713382099460316
20,15.0,0.025941752023986245,0.0769634525617314,-0.05102170053774516
20,20.0,0.04068645572054122,0.0769634525617314,-0.03627699684119018
20,25.0,0.05226680286709659,0.0769634525617314,-0.02469664969463481
20,30.0,0.061803890812899026,0.0769634525617314,-0.015159561748832373
20,35.0,0.06991175307893926,0.0769634525617314,-0.007051699482792134
20,40.0,0.0769634525617314,0.0769634525617314,0.0
20,45.0,0.08320270527528437,0.0769634525617314,0.006239252713552967
20,50.0,0.08879752821490375,0.0769634525617314,0.011834075653172349
20,55.0,0.0938686684772423,0.0769634525617314,0.016905215915510904
20,60.0,0.0985058246481436,0.0769634525617314,0.0215423720864122
20,65.0,0.10277745642735385,0.0769634525617314,0.02581400386562245
20,70.0,0.10673700214341371,0.0769634525617314,0.02977354958168231
20,75.0,0.11042697544917872,0.0769634525617314,0.03346352288744732
20,80.0,0.11388175413389236,0.0769634525617314,0.03691830157216096
20,85.0,0.11712953217427395,0.0769634525617314,0.04016607961254255
20,90.0,0.12019371932035265,0.0769634525617314,0.04323026675862125
20,95.0,0.12309396583564035,0.0769634525617314,0.04613051327390895
20,100.0,0.12584692676321332,0.0769634525617314,0.048883474201481925
20,105.0,0.12846684133919758,0.0769634525617314,0.051503388777466186
20,110.0,0.1309659787393004,0.0769634525617314,0.05400252617756901
20,115.0,0.13335498553542638,0.0769634525617314,0.05639153297369498
20,120.0,0.13564315977576852,0.0769634525617314,0.05867970721403712
20,125.0,0.13783866953219534,0.0769634525617314,0.06087521697046394
20,130.0,0.13994872889283408,0.0769634525617314,0.06298527633110268
20,135.0,0.1419797409716049,0.0769634525617314,0.0650162884098735
20,140.0,0.1439374150851804,0.0769634525617314,0.066973962523449
20,145.0,0.14582686350220722,0.0769634525617314,0.06886341094047582
20,150.0,0.1476526818946561,0.0769634525617314,0.07068922933292471
20,155.0,0.1494190166787507,0.0769634525617314,0.07245556411701931
20,160.0,0.15112962172854044,0.0769634525617314,0.07416616916680904
20,165.0,0.15278790641326814,0.0769634525617314,0.07582445385153674
20,170.0,0.15439697650413178,0.0769634525617314,0.07743352394240038
20,175.0,0.15595966918405496,0.0769634525617314,0.07899621662232356
20,180.0,0.15747858315205376,0.0769634525617314,0.08051513059032236
20,185.0,0.1589561046245532,0.0769634525617314,0.0819926520628218
20,190.0,0.16039442988695055,0.0769634525617314,0.08343097732521915
20,195.0,0.16179558493049837,0.0769634525617314,0.08483213236876697
20,200.0,0.16316144261518814,0.0769634525617314,0.08619799005345674
21,0.0,-0.13153399872585544,0.044724506705405835,-0.1762585054312613
21,5.0,-0.03571225178322868,0.044724506705405835,-0.08043675848863452
21,10.0,-0.003296633180356945,0.044724506705405835,-0.04802113988576278
21,15.0,0.016741648469636633,0.044724506705405835,-0.027982858235769202
21,20.0,0.0312844284117837,0.044724506705405835,-0.013440078293622135
21,25.0,0.04270618660183626,0.044724506705405835,-0.0020183201035695736
21,30.0,0.052112667338177786,0.044724506705405835,0.007388160632771951
21,35.0,0.060109495159398126,0.044724506705405835,0.01538498845399229
21,40.0,0.06706462399120766,0.044724506705405835,0.022340117285801826
21,45.0,0.07321843223883254,0.044724506705405835,0.028493925533426702
21,50.0,0.07873663596137803,0.044724506705405835,0.0340121292559722
21,55.0,0.083738328664649,0.044724506705405835,0.03901382195924317
21,60.0,0.08831198054254621,0.044724506705405835,0.04358747383714038
21,65.0,0.09252511376226982,0.044724506705405835,0.04780060705686399
21,70.0,0.09643043483243705,0.044724506705405835,0.05170592812703121
21,75.0,0.10006987519573687,0.044724506705405835,0.05534536849033104
21,80.0,0.1034773418491596,0.044724506705405835,0.05875283514375377
21,85.0,0.10668064266240299,0.044724506705405835,0.06195613595699715
21,90.0,0.10970286679684862,0.044724506705405835,0.06497836009144278
21,95.0,0.11256339541226343,0.044724506705405835,0.06783888870685759
21,100.0,0.11527865546651442,0.044724506705405835,0.07055414876110858
21,105.0,0.1178626911941815,0.044724506705405835,0.07313818448877565
21,110.0,0.12032760374874005,0.044724506705405835,0.0756030970433342
21,115.0,0.12268389390087595,0.044724506705405835,0.0779593871954701
21,120.0,0.12494073236514158,0.044724506705405835,0.08021622565973574
21,125.0,0.12710617535441052,0.044724506705405835,0.08238166864900467
21,130.0,0.12918733816230102,0.044724506705405835,0.08446283145689518
21,135.0,0.1311905362142434,0.044724506705405835,0.08646602950883756
21,140.0,0.13312140063974004,0.044724506705405835,0.0883968939343342
21,145.0,0.13498497369663906,0.044724506705405835,0.09026046699123322
21,150.0,0.13678578812073036,0.044724506705405835,0.09206128141532452
21,155.0,0.13852793354446305,0.044724506705405835,0.09380342683905721
21,160.0,0.14021511243384488,0.044724506705405835,0.09549060572843904
21,165.0,0.14185068746795437,0.044724506705405835,0.09712618076254853
21,170.0,0.14343772188549836,0.044724506705405835,0.09871321518009252
21,175.0,0.1449790140151351,0.044724506705405835,0.10025450730972926
21,180.0,0.1464771269675725,0.044724506705405835,0.10175262026216667
21,185.0,0.1479344142808046,0.044724506705405835,0.10320990757539875
21,190.0,0.1493530421628395,0.044724506705405835,0.10462853545743367
21,195.0,0.15073500885966137,0.044724506705405835,0.10601050215425553
21,200.0,0.15208216158307455,0.044724506705405835,0.10735765487766871
22,0.0,-0.10748763829981064,0.07585039081402298,-0.18333802911383362
22,5.0,-0.011826929574609821,0.07585039081402298,-0.0876773203886328
22,10.0,0.02053421127552701,0.07585039081402298,-0.05531617953849596
22,15.0,0.04053881654974832,0.07585039081402298,-0.035311574264274656
22,20.0,0.05505715586716223,0.07585039081402298,-0.02079323494686075
22,25.0,0.06645971862781092,0.07585039081402298,-0.009390672186212062
22,30.0,0.07585039081402298,0.07585039081402298,0.0
22,35.0,0.08383377915059101,0.07585039081402298,0.007983388336568031
22,40.0,0.09077721917913012,0.07585039081402298,0.014926828365107142
22,45.0,0.09692068532444316,0.07585039081402298,0.02107029451042018
22,50.0,0.10242961514289879,0.07585039081402298,0.026579224328875814
22,55.0,0.1074229019915204,0.07585039081402298,0.03157251117749742
22,60.0,0.11198886738102591,0.07585039081402298,0.03613847656700293
22,65.0,0.1161949200007278,0.07585039081402298,0.04034452918670482
22,70.0,0.12009367778058068,0.07585039081402298,0.0442432869665577
22,75.0,0.1237270016932079,0.07585039081402298,0.04787661087918492
22,80.0,0.1271287417514337,0.07585039081402298,0.05127835093741073
22,85.0,0.13032665909099495,0.07585039081402298,0.05447626827697197
22,90.0,0.13334380406958293,0.07585039081402298,0.057493413255559955
22,95.0,0.1361995252749492,0.07585039081402298,0.06034913446092621
22,100.0,0.13891022205778283,0.07585039081402298,0.06305983124375986
22,105.0,0.1414899150498953,0.07585039081402298,0.06563952423587233
22,110.0,0.14395068506753964,0.07585039081402298,0.06810029425351666
22,115.0,0.14630301523378564,0.07585039081402298,0.07045262441976266
22,120.0,0.1485560608508647,0.07585039081402298,0.07270567003684172
22,125.0,0.15071786459236308,0.07585039081402298,0.0748674737783401
22,130.0,0.1527955297939226,0.07585039081402298,0.07694513897989963
22,135.0,0.154795361267257,0.07585039081402298,0.07894497045323401
22,140.0,0.15672298067818133,0.07585039081402298,0.08087258986415835
22,145.0,0.15858342181051516,0.07585039081402298,0.08273303099649218
22,150.0,0.16038120978232376,0.07585039081402298,0.08453081896830078
22,155.0,0.16212042735301174,0.07585039081402298,0.08627003653898876
22,160.0,0.1638047707662152,0.07585039081402298,0.08795437995219221
22,165.0,0.1654375970496876,0.07585039081402298,0.08958720623566463
22,170.0,0.1670219642940506,0.07585039081402298,0.09117157348002763
22,175.0,0.168560666125086,0.07585039081402298,0.09271027531106302
22,180.0,0.17005626134593257,0.07585039081402298,0.0942058705319096
22,185.0,0.17151109953922386,0.07585039081402298,0.09566070872520088
22,190.0,0.17292734327243448,0.07585039081402298,0.0970769524584115
22,195.0,0.17430698743329245,0.07585039081402298,0.09845659661926948
22,200.0,0.17565187612917427,0.07585039081402298,0.09980148531515129
23,0.0,-0.060321740317334394,0.12671394657118176,-0.18703568688851616
23,5.0,0.027208777263493023,0.12671394657118176,-0.09950516930768874
23,10.0,0.0568195489780906,0.12671394657118176,-0.06989439759309116
23,15.0,0.07512396546200753,0.12671394657118176,-0.05158998110917423
23,20.0,0.08840839301645796,0.12671394657118176,-0.0383055535547238
23,25.0,0.09884185345688341,0.12671394657118176,-0.02787209311429835
23,30.0,0.10743441364010611,0.12671394657118176,-0.01927953293107565
23,35.0,0.11473929484432044,0.12671394657118176,-0.011974651726861324
23,40.0,0.12109261281142174,0.12671394657118176,-0.005621333759760025
23,45.0,0.12671394657118176,0.12671394657118176,0.0
23,50.0,0.13175467316365413,0.12671394657118176,0.005040726592472372
23,55.0,0.13632358121497248,0.12671394657118176,0.009609634643790721
23,60.0,0.1405014858021907,0.12671394657118176,0.01378753923100895
23,65.0,0.14435006655891802,0.12671394657118176,0.01763611998773626
23,70.0,0.14791746942411227,0.12671394657118176,0.021203522852930506
23,75.0,0.15124199761179943,0.12671394657118176,0.02452805104061767
23,80.0,0.15435462422663337,0.12671394657118176,0.027640677655451612
23,85.0,0.15728075098904942,0.12671394657118176,0.03056680441786766
23,90.0,0.16004146920984835,0.12671394657118176,0.03332752263866659
23,95.0,0.16265448304283497,0.12671394657118176,0.03594053647165321
23,100.0,0.1651347980600245,0.12671394657118176,0.03842085148884275
23,105.0,0.1674952432815615,0.12671394657118176,0.04078129671037975
23,110.0,0.16974687277670286,0.12671394657118176,0.0430329262055211
23,115.0,0.17189927870925753,0.12671394657118176,0.04518533213807577
23,120.0,0.1739608382735156,0.12671394657118176,0.04724689170233384
23,125.0,0.1759389105972854,0.12671394657118176,0.04922496402610363
23,130.0,0.17783999530463995,0.12671394657118176,0.05112604873345819
23,135.0,0.1796698613621687,0.12671394657118176,0.052955914790986935
23,140.0,0.18143365265104308,0.12671394657118176,0.05471970607986132
23,145.0,0.183135975134453,0.12671394657118176,0.05642202856327125
23,150.0,0.18478096934127033,0.12671394657118176,0.05806702277008857
23,155.0,0.18637237103771087,0.12671394657118176,0.05965842446652911
23,160.0,0.1879135623241467,0.12671394657118176,0.061199615752964925
23,165.0,0.18940761491498082,0.12671394657118176,0.06269366834379905
23,170.0,0.19085732699411237,0.12671394657118176,0.06414338042293061
23,175.0,0.1922652547574325,0.12671394657118176,0.06555130818625074
23,180.0,0.19363373953573548,0.12671394657118176,0.06691979296455372
23,185.0,0.19496493122093356,0.12671394657118176,0.0682509846497518
23,190.0,0.19626080858417408,0.12671394657118176,0.06954686201299232
23,195.0,0.1975231969679374,0.12671394657118176,0.07080925039675565
23,200.0,0.19875378374915503,0.12671394657118176,0.07203983717797327
