t,team,observed_productivity,forecast_mean,forecast_lower80,forecast_upper80,forecast_lower95,forecast_upper95,prob_low,actual_low,pred_low_at_0_50
46,1,0.581130952,0.5106193393110638,0.13663940002603958,0.88556274400973,0.05519358957397094,0.9566963476741381,0.8633333333333333,1,1
46,2,0.440375,0.6903873562220924,0.23043311291533866,0.933348814035817,0.09358327081363575,0.9754237197638351,0.7473333333333333,1,1
46,2,0.700069811,0.6232524533434702,0.18033225205846326,0.9273160227632348,0.07420066885849994,0.9743750661526969,0.779,0,1
46,3,0.900833333,0.8419735728337278,0.4421967200241983,0.9727532672414725,0.23240000751388087,0.9887310580140033,0.5276666666666666,0,1
46,3,0.750206897,0.6621518510257368,0.224892806059031,0.9367900666612837,0.08668127027666878,0.9767368835555794,0.7443333333333333,0,1
46,4,0.800808642,0.7133731764890391,0.2694454448678266,0.9487210015942985,0.10571161983016397,0.9794676349460071,0.695,0,1
46,5,0.902962963,0.7428504705662882,0.3023564373793965,0.9518096090329828,0.13472372375497552,0.9821236190553939,0.6756666666666666,0,1
46,5,0.598792339,0.7225492277579161,0.27369643177996605,0.9484358915391754,0.1311684183211616,0.9800351484097348,0.7,1,1
46,6,0.410833333,0.7594673356727376,0.3344843478822736,0.9526664685405363,0.16729861314348923,0.9822272522122196,0.6523333333333333,1,1
46,6,0.75065101,0.6582742300616694,0.20368974577474352,0.9267717290484419,0.08436513251954757,0.973221690385896,0.7626666666666667,0,1
46,7,0.676666667,0.6996812002256125,0.25008844793786567,0.9400803562650761,0.10770592135235853,0.9802446371035849,0.718,1,1
46,7,0.800115819,0.7110218233363174,0.24513414416829693,0.946062941165902,0.10384476252575832,0.9799385121149009,0.71,0,1
46,8,0.658541667,0.665250343242691,0.23647137092815415,0.9268979849515983,0.10194867634615289,0.971034872670442,0.767,1,1
46,8,0.700362069,0.642991436165978,0.2070169579040536,0.9304462530101563,0.08769490833335881,0.9729269198003219,0.758,0,1
46,9,0.410833333,0.721673245144551,0.28240022583253094,0.9443140848256275,0.12300812988068179,0.978045951790321,0.6943333333333334,1,1
46,9,0.970816667,0.740564817992895,0.2819912832168729,0.9504512289404321,0.11887360736023836,0.9821759896010218,0.676,0,1
46,10,0.845833333,0.751554155693112,0.3061747888462573,0.9545826264726632,0.13779078454549493,0.9833188814333318,0.662,0,1
46,10,0.700058333,0.6331809001503412,0.19527429365184723,0.9272774615020276,0.07761919255650289,0.9717876723420058,0.773,0,1
46,11,0.750503571,0.87679215854276,0.48074498589550996,0.979860274329514,0.2456444099728083,0.9933974329560011,0.444,0,0
46,12,0.899555556,0.7974760382741103,0.3766744477482265,0.9637652263536648,0.1764948949016452,0.9876027611778596,0.5883333333333334,0,1
46,12,0.800401961,0.8102043741280189,0.4040146736727399,0.9682106831722621,0.1964205119994466,0.9889089486451156,0.5686666666666667,0,1
47,1,0.768847222,0.5288536349643076,0.13975008257062693,0.8889477066243704,0.0513093537535817,0.9553074586544019,0.854,0,1
47,1,0.378895152,0.4304406831738352,0.09460707828599924,0.8512639504578833,0.036433166219602874,0.9355976452184784,0.8996666666666666,0,1
47,2,0.5565625,0.6876279748168282,0.2462386634406352,0.9344505889644601,0.10510917263354527,0.9769928383563037,0.7606666666666667,1,1
47,2,0.66237931,0.6131261229376237,0.18783867496267634,0.926855974576237,0.07118938199043078,0.9711525666782698,0.785,1,1
47,3,0.921703704,0.8009652058739882,0.3597352312927747,0.9653848045034323,0.1793782588050239,0.987147667681188,0.5896666666666667,0,1
47,3,0.750473684,0.7190901807040576,0.258876631905095,0.9479540564577896,0.1045956129693184,0.9817289423622273,0.7056666666666667,0,1
47,4,0.495617514,0.7631839645537255,0.32171046189214236,0.9618869050323313,0.12773324316560514,0.9859923091817396,0.637,1,1
47,5,0.921604938,0.8302838769496779,0.4204831841994673,0.971385134364409,0.21361576131622217,0.9898788791287955,0.5333333333333333,0,1
47,5,0.449964912,0.4339332493601866,0.09218744580965074,0.851071469606303,0.0333665449073897,0.9437111476893622,0.8983333333333333,0,1
47,6,0.271875,0.7593349220253058,0.32793149251575016,0.9567461148562092,0.16297148799373515,0.9822927062061534,0.645,1,1
47,6,0.75065101,0.7588861687200769,0.31723193677844774,0.9548088915180631,0.1499900291659116,0.982335398578637,0.65,0,1
47,7,0.800808642,0.7409763997774754,0.2789133127788162,0.9513123431546336,0.11593418142385108,0.9818623375311815,0.6853333333333333,0,1
47,8,0.376597222,0.6962875365501366,0.24232983252005388,0.9402279969811391,0.11509876382156271,0.9770374776851803,0.73,1,1
47,8,0.750206897,0.7185579808328888,0.2548754995715916,0.9466809389626231,0.11133558520268068,0.9812668317600765,0.7003333333333334,0,1
47,9,0.4078125,0.7460425832776302,0.3204089704324082,0.9505275002722289,0.1435763470150492,0.9829138336627965,0.6606666666666666,1,1
47,9,0.750371895,0.7600598590236305,0.320411186912011,0.955822112489507,0.14584858455323552,0.984002380356197,0.6426666666666667,0,1
47,10,0.410833333,0.7107214309915817,0.27465686107643694,0.9432424054157824,0.1276437469142303,0.9774310798318913,0.7176666666666667,1,1
47,10,0.700251773,0.6330598270454542,0.1951127315512906,0.9267239164371847,0.07173571028129912,0.9765687462201299,0.7866666666666666,0,1
47,11,0.800516667,0.8724061014052523,0.47934398096030556,0.9798737978843209,0.23350592430438433,0.9938101570291052,0.452,0,0
47,12,0.590617284,0.7248350231114451,0.27926973878130595,0.942329059029972,0.10915771589490608,0.9807965056346345,0.712,1,1
47,12,0.800401961,0.8012018044520358,0.38246067867121275,0.9634205265078495,0.18514984056686745,0.9840503002610836,0.5973333333333334,0,1
48,1,0.768847222,0.515461433931111,0.1335952827686636,0.8836693079894371,0.05073262935722977,0.9562954738421704,0.8636666666666667,0,1
48,1,0.550349708,0.5598138637599992,0.1472451030947286,0.8973610407794052,0.05474766853048481,0.9639611748369794,0.8393333333333334,0,1
48,2,0.5565625,0.6677443494714247,0.23147911644658023,0.9356418441577037,0.09742228963818626,0.9744797902959373,0.7486666666666667,1,1
48,2,0.700211111,0.609943446613938,0.1860934899891033,0.9216997747700957,0.06823976274519064,0.9716108181684927,0.7883333333333333,0,1
48,3,0.921703704,0.7879853279671025,0.3529242951818136,0.9602581561144891,0.16105560427087579,0.9855083716984352,0.622,0,1
48,3,0.750716981,0.7152348204660676,0.2531246250722286,0.9454749379622381,0.11316284381824522,0.9784397913337961,0.7013333333333334,0,1
48,4,0.500258046,0.563700008118335,0.15057837757439305,0.9005651096289087,0.05882524402142062,0.9599102919055928,0.8353333333333334,0,1
48,5,0.921604938,0.8210022243293587,0.4171485544851928,0.9712822573264281,0.19295136593858395,0.9898311820239611,0.5343333333333333,0,1
48,5,0.550403509,0.545283055455074,0.14673984892939512,0.8936378210592705,0.0566384844848103,0.959329213400867,0.8486666666666667,0,1
48,6,0.271875,0.7456055243039322,0.31895238692710093,0.9492414142669482,0.14776273261600492,0.980092562636929,0.6716666666666666,1,1
48,6,0.75065101,0.7416810246705962,0.3039372541635547,0.950787253478208,0.1348299806387436,0.9819150490973929,0.6796666666666666,0,1
48,7,0.799982853,0.7399669235331181,0.2778338126522093,0.9514831936889931,0.12810710602897712,0.9817273907884667,0.6843333333333333,1,1
48,8,0.376597222,0.68008249933454,0.2403224992105566,0.9344708436156007,0.09479059370865962,0.9776898527249709,0.7426666666666667,1,1
48,8,0.750425926,0.7313151375842436,0.2775929015086367,0.9512739780131163,0.1267542131676066,0.9845620559800724,0.6833333333333333,0,1
48,9,0.4078125,0.7311050029862266,0.2849062126859858,0.9496997727141343,0.12461456923767471,0.9825447110809319,0.697,1,1
48,9,0.750395513,0.7679395307787087,0.33235490279611063,0.960435956268111,0.12822590004459727,0.9839068714808731,0.636,0,1
48,10,0.410833333,0.697913759562257,0.25187637132540924,0.941283121513207,0.11428443017487552,0.9763056890001257,0.718,1,1
48,10,0.700236601,0.7128587762944386,0.2758792244954922,0.9473739502191575,0.11650916969917541,0.9799126768703575,0.6956666666666667,0,1
48,11,0.800779018,0.8646138973409704,0.39246956624547813,0.9834735081443724,0.14585381296993272,0.9947053065553664,0.4713333333333333,0,0
48,12,0.590617284,0.7111186240269268,0.26042849064525103,0.9427306522995038,0.11735536521341818,0.9756762288712545,0.7163333333333334,1,1
48,12,0.800260821,0.7908586969460417,0.3422865881242688,0.9624529088478336,0.14912736141515653,0.9863102161678733,0.6126666666666667,0,1
49,1,0.448722222,0.6912593513619179,0.2527546421222457,0.9372333436700836,0.10733911266197724,0.9758924574942849,0.7336666666666667,1,1
49,1,0.700019883,0.762423268320034,0.31407254745754015,0.9561061376241005,0.15623053673035217,0.9828900398216055,0.6493333333333333,0,1
49,2,0.585,0.7387926345312184,0.2927116283394738,0.9498529222464424,0.13051664030710539,0.9820836408404265,0.679,1,1
49,2,0.683550607,0.7296692119111983,0.2870485570713705,0.947595525625695,0.13489937953048836,0.9815938492062404,0.6896666666666667,1,1
49,3,0.936355556,0.9117274904130135,0.5685081705606743,0.9870794238480108,0.32117345710366296,0.9955122529548851,0.348,0,0
49,3,0.750473684,0.8265451897131452,0.3932904111847894,0.9673082903280396,0.19790429833827827,0.9880859867312012,0.546,0,1
49,4,0.673083333,0.66571897324608,0.2208359496583643,0.9329264175907375,0.0893947826217505,0.9752678616485708,0.7616666666666667,0,1
49,4,0.600239766,0.746311039011632,0.29751347138616124,0.9524349329280682,0.13564509153651522,0.9805884560222569,0.665,0,1
49,5,0.707446429,0.7446081677232528,0.30022379613504974,0.9504661616486388,0.1447733280969317,0.9817409972259581,0.6723333333333333,0,1
49,6,0.75065101,0.8107412142620032,0.39045119224133,0.9631187627697099,0.180623317431273,0.9865745641505117,0.58,0,1
49,7,0.350416667,0.7757602660107678,0.3326289996883064,0.960064159161326,0.15676525495356156,0.9855565759400596,0.6233333333333333,1,1
49,7,0.579511494,0.7817687203423758,0.36253847563777514,0.9598378841333514,0.17250826424731686,0.9866013609943786,0.6113333333333333,1,1
49,8,0.813611111,0.7315245580074504,0.2908769172592887,0.9482000839102246,0.1369444733752936,0.9809096833482353,0.6856666666666666,0,1
49,8,0.75075,0.8169043351407281,0.40264260672544366,0.9698274180188957,0.1978945615775183,0.9875949404048607,0.561,0,1
49,9,0.447083333,0.7852308601171242,0.36540250416606956,0.9618179336264081,0.16687281672015536,0.9846868488176352,0.6096666666666667,1,1
49,9,0.750395513,0.8424843761314845,0.4573309009248352,0.9747106637612771,0.23401792934996807,0.9900228090745784,0.511,0,1
49,10,0.664583333,0.7565676201960129,0.3090124248784575,0.9526489739370145,0.14229260141057098,0.9811826515531754,0.669,1,1
49,10,0.700236601,0.7976886929893355,0.3580168646891306,0.9619947920352608,0.18058706583236153,0.9871976303901768,0.596,0,1
49,11,0.682433036,0.9031392849560872,0.5143839007280608,0.9876032491892746,0.2600103690544373,0.9959883148235221,0.393,1,0
49,12,0.800401961,0.8372551978849235,0.39649401906512644,0.9731050878569003,0.20213109926414946,0.9892965342477852,0.5373333333333333,0,1
50,1,0.537919444,0.6791708130443699,0.22378863709774788,0.9374796987141943,0.09894275596371406,0.9768384056734017,0.7516666666666667,1,1
50,1,0.800579532,0.7710568283782351,0.33428556175384955,0.9577664555235823,0.1473485901622675,0.9854317360574912,0.6276666666666667,0,1
50,2,0.92885,0.7263777674672904,0.2871366981055043,0.9459015633484639,0.12634284669988383,0.9779364959971558,0.7006666666666667,0,1
50,3,0.86037037,0.8998896974888368,0.5933262197474046,0.9845862302814175,0.3262860117303992,0.9940576251057034,0.37066666666666664,0,0
50,3,0.800149813,0.8231374169342013,0.3968248160967992,0.9680760712086364,0.19282923644726985,0.9874393894907921,0.5576666666666666,0,1
50,4,0.806879167,0.6683174989958337,0.24098419298656165,0.9293326510292853,0.10894816523664484,0.9745222069819262,0.7816666666666666,0,1
50,4,0.750254867,0.7651168703035776,0.2958156556536715,0.9544937744534664,0.14138661712686268,0.9826718042435169,0.646,0,1
50,5,0.700903571,0.759964914806347,0.3240090766821671,0.9558274957535375,0.13137542111231984,0.9835521415483746,0.6486666666666666,0,1
50,6,0.750797009,0.7812201487699155,0.354919113940642,0.9614196523715308,0.17494078514687383,0.9871430072585945,0.6156666666666667,0,1
50,7,0.342361111,0.7579031280045049,0.3167154625247323,0.959779397485861,0.15217891967917205,0.9834247618621106,0.6506666666666666,1,1
50,7,0.800115819,0.7605456750367201,0.32350826393220794,0.9573067154270899,0.146155895118219,0.983886348799926,0.6506666666666666,0,1
50,8,0.773333333,0.7207045115358582,0.2881796737076458,0.9437476099952729,0.1285201139668151,0.97983775725759,0.7083333333333334,0,1
50,8,0.750473684,0.7993489077811211,0.3704455611768022,0.9663163442024584,0.179248187593044,0.986807161318311,0.5886666666666667,0,1
50,9,0.8004,0.8011052979301879,0.3786681569011248,0.9606963547555383,0.16705221366997336,0.9848210299358117,0.6123333333333333,0,1
50,9,0.750395513,0.8327483024237619,0.42738931252641416,0.9723403697696982,0.2128780983528144,0.9895879077186357,0.522,0,1
50,10,0.632361111,0.7505365494738554,0.31210043190449,0.9519729162178889,0.133744621760976,0.9824611739561736,0.6673333333333333,1,1
50,10,0.70013604,0.7779816724265007,0.3415056467577115,0.9597930992044212,0.14629538842884954,0.9844128233916032,0.6253333333333333,0,1
50,11,0.800309211,0.8710979977167307,0.44984231667760194,0.981340387707636,0.21163893389627475,0.9943379592734197,0.4686666666666667,0,0
50,12,0.607654321,0.7603790467350272,0.3153184397750368,0.954087663555757,0.1361175886975516,0.9830570545444004,0.6653333333333333,1,1
50,12,0.800401961,0.8264339606424307,0.43362878416158307,0.9705186052270868,0.1959526260543258,0.990374413741106,0.5433333333333333,0,1
51,1,0.555430556,0.7038085523576206,0.25564286232444994,0.9420848159200201,0.10550874110307092,0.9752241433117017,0.7313333333333333,1,1
51,1,0.800566092,0.7824350809913623,0.34272701731113747,0.9556324755360374,0.1516132579094542,0.9847744650156082,0.637,0,1
51,2,0.567377778,0.6362887893792276,0.198776303537502,0.9206726610749919,0.0784363085582668,0.9692762923124045,0.7826666666666666,0,1
51,2,0.30277037,0.5220396756809623,0.11938026590194939,0.9065068233513186,0.04504884621558931,0.9638576409049621,0.8293333333333334,1,1
51,3,0.902962963,0.8195131038467132,0.40669289585978974,0.9722797219040614,0.19909964634394037,0.9895433478090199,0.5466666666666666,0,1
51,3,0.800333333,0.8166783550364094,0.3975931724572668,0.9686779087162385,0.1728271799375465,0.9872119440703642,0.566,0,1
51,4,0.555430556,0.6989470347986494,0.24899349927136505,0.9398653688448747,0.11015304031166286,0.9778138267654406,0.724,1,1
51,4,0.750770115,0.7865709038135029,0.35085412633920054,0.961207348552941,0.1636245778509166,0.9858608524688389,0.6203333333333333,0,1
51,5,0.354444444,0.6777703093711268,0.24364369532200073,0.9347707844294415,0.10442947874314219,0.970909660403455,0.7463333333333333,1,1
51,5,0.700659649,0.7624467815434544,0.31551944855419245,0.9535168305480478,0.14867690122382562,0.9827506666706796,0.6666666666666666,0,1
51,6,0.309333333,0.7619894443386392,0.3086161436362452,0.9548238366007141,0.1333474528211741,0.982116021250935,0.6456666666666667,1,1
51,6,0.750212553,0.7634862460801033,0.3267042047535285,0.9543619606749227,0.15213589152638116,0.981951836973074,0.6596666666666666,0,1
51,7,0.999533333,0.7535441171200182,0.3092579657602173,0.954403182274512,0.1269553662396378,0.9825690185612685,0.6576666666666666,0,1
51,7,0.800115819,0.8306069996384124,0.4304532257459321,0.9700038104625194,0.2240349803590613,0.9895470926077072,0.5386666666666666,0,1
51,8,0.702777778,0.7226276749561931,0.269432376388425,0.946644040587728,0.12975347852505079,0.9822021756068859,0.699,1,1
51,8,0.750473684,0.805026101604051,0.3726201422162818,0.9650801829252472,0.185017498944582,0.988187384096791,0.573,0,1
51,9,0.750395513,0.8209047173649457,0.409465570888555,0.9692409401514077,0.2207061162075449,0.9884113206354641,0.5553333333333333,0,1
51,10,0.463194444,0.7442566767727181,0.32220906770928986,0.9523048358892161,0.14811298143640642,0.9825089678677277,0.674,1,1
51,10,0.699984417,0.7799449886121169,0.3705498338067571,0.9593951797048201,0.16438336558461203,0.984357654077315,0.6256666666666667,1,1
51,11,0.800701754,0.8606861285677222,0.42104354493105167,0.9793762418973944,0.20238910601661153,0.9933750987922176,0.4673333333333333,0,0
51,12,0.636049383,0.7616343999529472,0.3128783027969703,0.9581408738900145,0.14410510715494065,0.9842233973274748,0.629,1,1
51,12,0.800401961,0.8289836837240279,0.42141635755613255,0.9705337425328118,0.2121833615640994,0.9895139394924475,0.5496666666666666,0,1
52,1,0.806879167,0.6769863106555952,0.24840247557622763,0.9353506715900948,0.10955506874652611,0.972808401330257,0.7436666666666667,0,1
52,1,0.750651724,0.769953293636187,0.3489255355896663,0.9598695055818842,0.16436366181661732,0.9858142332357539,0.6286666666666667,0,1
52,2,0.5403125,0.5262337958021029,0.14457033666175562,0.8912897227806373,0.054122984797680185,0.9585006466417026,0.8536666666666667,0,1
52,2,0.404144928,0.5491306814234374,0.13275988163176075,0.9090352996784984,0.0481067690837694,0.9678582660339197,0.826,1,1
52,3,0.939166667,0.7573860992052779,0.3203463158034099,0.9553229037004394,0.14548077593485234,0.9840608270599381,0.6486666666666666,0,1
52,3,0.800333333,0.8176595310835071,0.40446257003467734,0.9680778606834003,0.1837690619467908,0.9878580435361026,0.556,0,1
52,4,0.806058333,0.6872787489413937,0.23818459585192023,0.9318101778417274,0.09617639067269987,0.9772957601080854,0.7446666666666667,0,1
52,4,0.799975862,0.7844485614241755,0.34186009912555865,0.9614013975470582,0.16330685317148294,0.9854129961610844,0.62,0,1
52,5,0.592083333,0.6742440189646005,0.2231438894348945,0.9288564957071608,0.09601498805552514,0.9740590708400095,0.7586666666666667,1,1
52,5,0.700424138,0.7639960299887943,0.3241899766495818,0.9556608529908203,0.13445988522883273,0.9817233937288865,0.666,0,1
52,6,0.332146465,0.717024345682511,0.26883639376673896,0.9466678601314837,0.12208781288421049,0.9809456476268896,0.7046666666666667,1,1
52,7,0.684888889,0.8657073902283864,0.4626582926778749,0.9792678438767243,0.23394603643500805,0.9924526760421807,0.47633333333333333,1,0
52,7,0.800055762,0.8064679585213714,0.3728217871074992,0.9641331554820507,0.19081728335101766,0.9853226149410353,0.587,0,1
52,8,0.930416667,0.7352562426867132,0.29710201790814617,0.948552365505059,0.13383744483579552,0.9806116628136036,0.6876666666666666,0,1
52,8,0.433263158,0.7707056591326608,0.32405918369757075,0.9549255974916251,0.13809714486743452,0.9814716293977229,0.6253333333333333,1,1
52,9,0.83375,0.7552547635154513,0.3126293025138691,0.9522160203381459,0.13571570165493255,0.9812266275935448,0.6563333333333333,0,1
52,9,0.750395513,0.8092402748552696,0.39342751068425136,0.9699746739484174,0.1897902210791775,0.9896250948396742,0.56,0,1
52,10,0.700058333,0.7631286163394755,0.3053555766666877,0.9575160709461138,0.13793865123026408,0.9841285916551558,0.6603333333333333,0,1
52,11,0.800701754,0.8563044729378391,0.42430059212350957,0.9794123007722568,0.1840077091338749,0.9932991509665706,0.4876666666666667,0,0
52,12,0.885925926,0.7506524311253572,0.31176731319012907,0.9536291606717531,0.14198147118081378,0.9805313433800001,0.6726666666666666,0,1
52,12,0.800401961,0.8141478005687857,0.3931747241907237,0.9676718934768274,0.20089257310783032,0.9876440229386205,0.5716666666666667,0,1
53,1,0.812625,0.6904569553608252,0.2560947322114854,0.9373237001392217,0.10359065250774685,0.9778447971129968,0.733,0,1
53,1,0.750651724,0.7579269256119003,0.3219333437388819,0.9538307224750606,0.1497580585945843,0.9852869591429294,0.664,0,1
53,2,0.950625,0.6193429917558398,0.19660685958938365,0.9195737490943023,0.08738328802016751,0.9714142251708203,0.7883333333333333,0,1
53,2,0.600099145,0.6162681517832592,0.15847211561553518,0.9229205916356825,0.06598741848998789,0.9783680531730232,0.7933333333333333,0,1
53,3,0.810111111,0.8164331618971133,0.4198626807389089,0.9672177066198451,0.22103412839353018,0.9878832260146263,0.57,0,1
53,3,0.800534979,0.8204046830360435,0.41482607608051697,0.9690605627362949,0.2063145503504741,0.9873306224899849,0.5713333333333334,0,1
53,4,0.812625,0.7053445252737787,0.25172280493336674,0.938021004853938,0.11944457225995822,0.9777078514699324,0.742,0,1
53,4,0.750050847,0.76096805364601,0.30791097895191616,0.9524195775237789,0.14249918368541814,0.9811771788649354,0.6606666666666666,0,1
53,5,0.700424138,0.7594271661221053,0.32978906778753697,0.954012431163334,0.15423219000987679,0.9821061870328447,0.648,0,1
53,6,0.26369382,0.32553735072251927,0.05749506070041535,0.7973232909476403,0.019070515106770863,0.9208626388014769,0.9363333333333334,1,1
53,7,0.366053523,0.7418807661749639,0.29159717343040253,0.951303493445678,0.12917429661495514,0.9815718101873672,0.681,1,1
53,8,0.980984848,0.8648948271925238,0.46873286845946127,0.977026874190526,0.24681767530328746,0.991735442807938,0.4786666666666667,0,0
53,9,0.453125,0.7732820604323625,0.32248294759496365,0.9573832444964266,0.15411807811707742,0.9814607264766474,0.6413333333333333,1,1
53,9,0.750395513,0.8322847719782693,0.42684718788012277,0.9723555589048026,0.21449061046015316,0.988935991183509,0.5426666666666666,0,1
53,10,0.700422,0.7806473451152459,0.36557696953471663,0.9611244588251691,0.18638869806552427,0.9845518653431713,0.6103333333333333,0,1
53,11,0.927291667,0.8248336133248161,0.4162179302705642,0.9708962583155207,0.1993605214566846,0.9884763522803338,0.5586666666666666,0,1
53,11,0.800701754,0.9107322348947205,0.5778621341765778,0.9862629879967191,0.3310985536898196,0.9952017057381853,0.3616666666666667,0,0
53,12,0.868888889,0.7621111166068466,0.32860664825587793,0.9561481986477124,0.14202841134871896,0.983433211961948,0.6503333333333333,0,1
53,12,0.800401961,0.8049934544301294,0.37351720406494887,0.9618769734111705,0.18437150937003247,0.9858917695532639,0.5936666666666667,0,1
54,1,0.664875,0.705314048267074,0.27903074453003324,0.9433480568378735,0.11639974153131007,0.9793190638059052,0.7053333333333334,1,1
54,1,0.850045,0.9884092678001632,0.9190502868743173,0.9983077116179339,0.8094351548334368,0.9994525188016645,0.042,0,0
54,2,0.528125,0.6782537031579058,0.23512456501920764,0.9368264812782586,0.1011638766912243,0.9743121743131911,0.7476666666666667,1,1
54,2,0.65024031,0.60825792164161,0.1634841457797154,0.9276804811107465,0.05733698115992719,0.9732888744210806,0.791,0,1
54,3,0.800578947,0.7735537173296259,0.2944891245242506,0.9623008904504455,0.13144276121757345,0.9881860393519255,0.644,0,1
54,4,0.664875,0.7046781737614929,0.267825929320374,0.9435370401954436,0.11593422936641833,0.9792015264022877,0.7183333333333334,1,1
54,4,0.800746552,0.7416008485250057,0.29299364772290815,0.9533578389670329,0.1256144017917282,0.9816389351125263,0.6773333333333333,0,1
54,5,0.80575,0.46490294314642755,0.10409776307202682,0.8613726826745434,0.038221535037773494,0.9453487812733322,0.8873333333333333,0,1
54,5,0.408960345,0.668683518532986,0.21267721749742594,0.9321325993674743,0.08494368914305067,0.9781337767614486,0.756,1,1
54,6,0.7975,0.6222814615700528,0.19664487196805622,0.9112832747284193,0.08754236984899703,0.9652353139624437,0.7973333333333333,0,1
54,6,0.500528095,0.39664409681507395,0.08468426550305917,0.8278992794978108,0.0328764170406484,0.9310531760209905,0.916,0,1
54,7,0.825444444,0.8968936172335263,0.5517399517219929,0.9850685681749166,0.28493368662274926,0.9945590376566661,0.388,0,0
54,8,0.590740741,0.8246964965107413,0.41617682125423777,0.9692776239847154,0.2127771845303305,0.987564071941816,0.5406666666666666,1,1
54,9,0.749987124,0.8193797736973473,0.38065055108200707,0.9683888714750286,0.21042518781034295,0.9892327561224545,0.5746666666666667,1,1
54,10,0.700422,0.7411631538281701,0.29436040362608884,0.9504988569451324,0.12814818749649912,0.983160250940726,0.6776666666666666,0,1
54,11,0.657083333,0.7961763169131705,0.36925684564571043,0.9633362853381364,0.1812181489977513,0.9867806052291439,0.5976666666666667,1,1
54,11,0.800034503,0.8862670480875108,0.5227463175012832,0.9823708104383433,0.2987156003008286,0.9941051757925415,0.4053333333333333,0,0
54,12,0.868888889,0.761354711015203,0.31689788813087444,0.9535175691865321,0.14709998424445825,0.982019223043743,0.656,0,1
54,12,0.850520588,0.9879874023775657,0.9151278395187428,0.9985019184927317,0.7852811930113214,0.9994718931378856,0.044333333333333336,0,0
55,1,0.890604167,0.7355547810070655,0.27486317619062645,0.9487866568266794,0.12510839000797486,0.9794682045622015,0.683,0,1
55,1,0.85007069,0.7531308982557314,0.30639546826149316,0.9537382471517257,0.14320487205357763,0.9828125855781285,0.6683333333333333,0,1
55,2,0.884,0.7375312440712386,0.29359410509112427,0.9489742638578649,0.1332483172762797,0.9809944527332026,0.687,0,1
55,2,0.700106061,0.6602102893297164,0.21055207755854352,0.9401475633592804,0.08660390890974966,0.979342051209076,0.7463333333333333,0,1
55,3,0.951944444,0.7904281806719186,0.3642114771063723,0.9638352688099965,0.17326124331017664,0.9875739130033094,0.6026666666666667,0,1
55,3,0.800511068,0.6821891401516538,0.2299747283376685,0.9427946654373554,0.09961676817164346,0.9799595463674623,0.7323333333333333,0,1
55,4,0.890604167,0.7466212169207085,0.2962942857786829,0.9505749152221332,0.13098308699652003,0.9822559391848975,0.6776666666666666,0,1
55,4,0.850084211,0.754621991056295,0.3155905439473467,0.9544763923502788,0.13092361512979137,0.9830817629979743,0.6536666666666666,0,1
55,5,0.857916667,0.5978232511329903,0.18960076538072704,0.9097825874378038,0.07458494328159262,0.9626507101680637,0.8226666666666667,0,1
55,5,0.500033898,0.52192608229575,0.12325815453293322,0.8905526854811788,0.041315868155926666,0.9569821842458084,0.8593333333333333,0,1
55,6,0.271875,0.706802151446328,0.2604478851472212,0.9403620051447996,0.11482978874278262,0.9770115385668766,0.7186666666666667,1,1
55,6,0.601037091,0.5471854089899856,0.14493204855207073,0.9000129123299432,0.05688131392461754,0.9636983654065259,0.8433333333333334,0,1
55,8,0.4509375,0.6648915320626823,0.2229983362916777,0.9279109740393908,0.09896636587087751,0.9718069741568375,0.765,1,1
55,8,0.600528571,0.5238998623895804,0.12768979963013458,0.8890463646232215,0.0495062658764355,0.959293763229686,0.8556666666666667,0,1
55,9,0.929074074,0.7877725769207343,0.37440252537354335,0.9597608464135919,0.17945231796630112,0.9849626049633481,0.6023333333333334,0,1
55,9,0.750371895,0.815905206968499,0.4003069754903114,0.9658566944053506,0.19749192437308613,0.9883177005945238,0.559,0,1
55,10,0.441041667,0.7529452886019196,0.3102972980575042,0.9512140461019248,0.1348828688576174,0.9807986220073039,0.679,1,1
55,10,0.700422,0.7707056711495202,0.3490001569612512,0.9594928648801488,0.17031686460104772,0.9842138856766856,0.6243333333333333,0,1
55,11,0.755208333,0.7986271589509305,0.3626054142642015,0.9607618989728854,0.17217494772956962,0.9858189399879509,0.6023333333333334,1,1
55,11,0.800034503,0.8917952992257837,0.5280009484228153,0.9830025671332177,0.3026232549863582,0.9936173046417814,0.408,0,0
55,12,0.945555556,0.7700041912609594,0.34604924754052696,0.9545549420993507,0.1557327184789973,0.9837234011651995,0.6283333333333333,0,1
55,12,0.800401961,0.7853927659677689,0.363003735367719,0.9624487747550846,0.17972663470419692,0.986382604814895,0.6,0,1
56,1,0.794566667,0.9847012945587701,0.880156740956924,0.9982597022291222,0.7124695965455075,0.9994996762436866,0.07333333333333333,0,0
56,1,0.850426891,0.7644063165591967,0.32145106113539307,0.9543709703439134,0.14173520473751453,0.9816764425255917,0.6616666666666666,0,1
56,2,0.6825,0.9649191796513416,0.7632683149282528,0.9955580814999939,0.4995578499347477,0.9982613774302449,0.178,1,0
56,2,0.700516224,0.7242351538294755,0.26371172274611226,0.9555442660733803,0.1154010478498696,0.9849277931287849,0.6703333333333333,0,1
56,3,0.795416667,0.9547333021854101,0.7327220843555473,0.9947360473793655,0.46626867931982174,0.9982927125801985,0.196,1,0
56,3,0.800842424,0.7147428884336495,0.2520751969940116,0.9491625930456308,0.11048887270597943,0.9828064624616437,0.7046666666666667,0,1
56,4,0.7953875,0.9207823550758347,0.5929143473716856,0.989083251754873,0.3143329638758844,0.9964894646559417,0.3343333333333333,0,0
56,4,0.850446154,0.7735365319107598,0.31470058004106827,0.9563412498947652,0.13318192382466112,0.9833190315583764,0.63,0,1
56,5,0.864342593,0.8855933379546473,0.5060094162574711,0.9843508615008979,0.2673553585913014,0.9942986679154135,0.41433333333333333,0,0
56,5,0.600040678,0.616189561810865,0.17506283241646198,0.9241518391854262,0.06977925539106894,0.9697760558984679,0.792,0,1
56,6,0.650962281,0.6317877208672171,0.186717367228709,0.9266269314396729,0.07354166113855704,0.9723194705642194,0.777,0,1
56,7,0.500610909,0.5413186750036255,0.1456421770557369,0.8976395733335245,0.054692604723104325,0.9608017941710852,0.845,0,1
56,8,0.2640625,0.8750779005774265,0.46933975909304304,0.9821072673813698,0.2296493124852483,0.9936922681050259,0.4493333333333333,1,0
56,8,0.650421429,0.6302516681517081,0.19164143556817229,0.9297624537599729,0.07128114999606691,0.9754995868670625,0.783,0,1
56,9,0.841,0.9297347650349491,0.6393408064350069,0.9910164720606821,0.3661626932872926,0.9967483733380299,0.295,0,0
56,9,0.750395513,0.797259943023253,0.3528427219990396,0.9621077581786268,0.17036389123618131,0.9858154505186908,0.6033333333333334,0,1
56,10,0.477291667,0.854324722784753,0.4611828183179194,0.9776289088529855,0.24856699314291347,0.9919414524468598,0.48,1,0
56,10,0.700422,0.7684681201552923,0.3399800481826878,0.9551446308274611,0.1572816830226504,0.9811317023265642,0.6526666666666666,0,1
56,11,0.960625,0.8692973334980336,0.4806507065986999,0.9792094353130217,0.2642504479611447,0.9932077246809853,0.4543333333333333,0,0
56,11,0.800034503,0.8719485187533412,0.5256397708173016,0.9785262859909003,0.29728353143522696,0.9913065775181892,0.42433333333333334,0,0
56,12,0.902962963,0.8655881631728436,0.45250410513390044,0.9794790819099866,0.2461745812458088,0.9925058018980019,0.477,0,0
56,12,0.800401961,0.8060139370637008,0.382278510617002,0.9674490517416073,0.19194751223077883,0.9871166607875034,0.5753333333333334,0,1
57,1,0.880754167,0.7271598587461268,0.3005391926079009,0.947740692154532,0.1363873643092467,0.9816418532954276,0.6896666666666667,0,1
57,1,0.900061017,0.9708247534845217,0.8161685185180197,0.9958585672401085,0.6104236213747222,0.9983366073307649,0.127,0,0
57,2,0.741,0.7003329358441309,0.25115568861666093,0.9419486494736669,0.10202113081237578,0.9756158121835964,0.7256666666666667,0,1
57,2,0.700051852,0.7008129166647683,0.2366147659606286,0.9430305723585635,0.10626253879826239,0.9789625961238417,0.7226666666666667,0,1
57,3,0.894444444,0.7965363333037188,0.3918297338832887,0.9613870973446729,0.18387418294994004,0.9852049827925664,0.5966666666666667,0,1
57,3,0.800071839,0.7411306532345114,0.3018235534136472,0.9509308933046596,0.1270136530870999,0.9837646900474892,0.6693333333333333,0,1
57,4,0.881575,0.7361193429905624,0.30446761463582267,0.9477754770858295,0.13959476134249615,0.9789088113223003,0.6853333333333333,0,1
57,4,0.850084211,0.7711500821129179,0.3183854103013494,0.9589101336121377,0.14787556409792924,0.9843258840251852,0.628,0,1
57,5,0.909391667,0.6899848828911356,0.2570181961346672,0.9425158689366927,0.10521353449772128,0.9779324353678878,0.72,0,1
57,5,0.650044068,0.6778089881610165,0.23402690217382388,0.9444023516126623,0.09498551774236731,0.9809568302385142,0.7253333333333334,0,1
57,6,0.700246491,0.6467259641077561,0.2008439644030434,0.9245171219897472,0.08127297660866567,0.9749266026498804,0.777,0,1
57,7,0.560625,0.5612605930682207,0.16886111037461293,0.8933216567893234,0.06234363445591874,0.9578548327003644,0.8516666666666667,0,1
57,7,0.630402924,0.6263620132812787,0.18609185030571457,0.93053673665962,0.07415372735622419,0.9751827780115443,0.7776666666666666,0,1
57,8,0.560625,0.6762988508952802,0.23916855181614732,0.934292870524073,0.10614121168798407,0.9771651294023642,0.7483333333333333,1,1
57,8,0.700505263,0.6988231898229802,0.2331102596830195,0.9417046860335568,0.09667489028164672,0.9778605534708901,0.7346666666666667,0,1
57,9,0.821666667,0.8559282964861737,0.46517903506589725,0.9766452624417731,0.23379844877903364,0.9912942942703895,0.4806666666666667,0,0
57,9,0.750395513,0.7945957731384268,0.3573630304758989,0.9620254190365727,0.17701305232469416,0.9847731217849096,0.6143333333333333,0,1
57,10,0.39875,0.7363187916944258,0.28016186451806174,0.9498012482582813,0.12375833455145852,0.9827261247919397,0.681,1,1
57,10,0.750608,0.7936913313914531,0.36200764704788974,0.9627320777051682,0.15811238072959372,0.9861118577977851,0.5916666666666667,0,1
57,11,0.758229167,0.7912611433562311,0.3681768244952175,0.9632502644303723,0.17001898712027905,0.9858149201593049,0.6063333333333333,1,1
57,11,0.800034503,0.8656742233986976,0.4735669895801255,0.9761575493624416,0.2696956822546853,0.9900056490552105,0.473,0,0
57,12,0.92,0.7688795150148572,0.3348625430671625,0.9563150006922526,0.15406534815641496,0.9815074238403966,0.643,0,1
57,12,0.800401961,0.8058882828153406,0.3867430160767606,0.9644471560748624,0.18336259142528058,0.9865168691668496,0.581,0,1
58,1,0.812625,0.7641137282544923,0.32856906111375755,0.9548967117358494,0.14399775519240687,0.9809182640085362,0.654,0,1
58,1,0.750050847,0.7947167312472745,0.36162938807818185,0.9629602996404946,0.16473400859667583,0.9865302094808693,0.6093333333333333,0,1
58,2,0.819270833,0.7654210646937432,0.3524286185291425,0.9561106653229566,0.15486562967818177,0.9821257115920271,0.643,0,1
58,2,0.750140741,0.7557221071827488,0.2884723404330136,0.9591628562471436,0.12988097662340511,0.9832157595687175,0.6436666666666667,0,1
58,3,0.786631944,0.7861482322287774,0.3594696466320223,0.9616685348064485,0.17879478521994502,0.985856068724878,0.6033333333333334,1,1
58,3,0.800071839,0.7483127020292311,0.2916189693143435,0.957324695179783,0.12364857270456993,0.9842078564481852,0.653,0,1
58,4,0.813309028,0.7656058457258834,0.31482029902322517,0.9564753836703198,0.15018516682256947,0.9822801251892515,0.6516666666666666,0,1
58,4,0.750050847,0.7942517223083692,0.3736732773643377,0.9648143373498558,0.18898791364838888,0.985504726687392,0.584,0,1
58,5,0.75885,0.7583605406107177,0.32834524501491197,0.9517243053143393,0.14910550585590984,0.9817153626638068,0.6586666666666666,0,1
58,5,0.700556897,0.716078068086344,0.2612012320468923,0.9488079097921577,0.11141343240567632,0.9789490913412736,0.7083333333333334,0,1
58,6,0.394722222,0.7021453547227501,0.27382482968289296,0.9416874652865213,0.13104166927258953,0.9796630900226567,0.7136666666666667,1,1
58,6,0.700246491,0.6587030048376045,0.2068633544543121,0.9351406698937035,0.09349739074931544,0.9771049564660292,0.765,0,1
58,7,0.625625,0.6700552396554714,0.22979695324201313,0.9297879393048323,0.09183843587793404,0.9738355009640812,0.7586666666666667,1,1
58,7,0.650596491,0.6528610087199731,0.20413297449158677,0.9294222845578042,0.08937266526513038,0.9775319412238633,0.759,0,1
58,8,0.625625,0.7057384270310855,0.27167696049399076,0.9417828412300674,0.10434357374880654,0.9770853620026375,0.7206666666666667,1,1
58,8,0.700505263,0.7062143864920661,0.25142942725051876,0.9461991711547374,0.09679556572253166,0.980584227695738,0.7113333333333334,0,1
58,9,0.505888889,0.8463445330835694,0.4319876741349856,0.9754089579054596,0.21511696055905946,0.9904631099215455,0.5216666666666666,1,1
58,9,0.750347333,0.7974181013737821,0.38098141983762407,0.9624640529308612,0.17550510677245237,0.9876326843306202,0.6023333333333334,0,1
58,10,0.628333333,0.7564890202317291,0.30676375980708737,0.9507300994974041,0.1430938552142803,0.9824112002888513,0.6646666666666666,1,1
58,10,0.750608,0.7794784888276227,0.3573083503754218,0.958364327374617,0.16416071556828193,0.9848220842428784,0.6426666666666667,0,1
58,11,0.874027778,0.8257848132021856,0.4137270564144454,0.9709558261200173,0.19043741113384424,0.9910459533956014,0.5513333333333333,0,1
58,11,0.800034503,0.8506729906352645,0.47969989831477766,0.9765046705588551,0.2698499135583823,0.9904014797732575,0.4846666666666667,0,0
58,12,0.922839506,0.7911092338609974,0.360286903720883,0.9599956061788392,0.14632161085666856,0.985813741235652,0.62,0,1
58,12,0.800401961,0.8054865422010603,0.3839768753442006,0.9655018780864655,0.18149419328170158,0.9872196054597658,0.5813333333333334,0,1
